player,pos,age,g_number,week,team,opp,home_away,yds_rec,tgt_rec,yds_2_rec,tgt_2_rec,rec_rec,yds_3_rec,y_r_rec,td_rec,ctch_percent_rec,y_tgt_rec,yds_rus,att_rus,yds_2_rus,att_2_rus,yds_3_rus,y_a_rus,td_rus,att_pas,cmp_pas,att_2_pas,inc_pas,cmp_percent_pas,yds_pas,td_pas,int_pas,pick6_pas,td_percent_pas,int_percent_pas,rate_3_pas,sk_pas,yds_2_pas,sk_percent_pas,y_a_pas,ay_a_pas,any_a_pas,y_c_pas,points
Tee Higgins,WR,23-306,10,11,CIN,PIT,away,148,13,148,13,9,148,16.4,0,69.2,11.4,0,0,0,0,0,0,0,0,0,0,0,0,0,0,0,0,0,0,0,0,0,0,0,0,0,0,19.3
Davante Adams,WR,29-331,10,11,LVR,DEN,away,141,13,141,13,7,141,20.1,2,53.8,10.8,0,0,0,0,0,0,0,0,0,0,0,0,0,0,0,0,0,0,0,0,0,0,0,0,0,0,29.6
Demarcus Robinson,WR,28-060,10,11,BAL,CAR,home,128,9,128,9,9,128,14.2,0,100,14.2,0,0,0,0,0,0,0,0,0,0,0,0,0,0,0,0,0,0,0,0,0,0,0,0,0,0,17.3
Travis Kelce,TE,33-046,10,11,KAN,LAC,away,115,10,115,10,6,115,19.2,3,60,11.5,0,0,0,0,0,0,0,0,0,0,0,0,0,0,0,0,0,0,0,0,0,0,0,0,0,0,32.5
Amari Cooper,WR,28-156,10,11,CLE,BUF,away,113,12,113,12,8,113,14.1,2,66.7,9.4,0,0,0,0,0,0,0,0,0,0,0,0,0,0,0,0,0,0,0,0,0,0,0,0,0,0,27.3
Treylon Burks,WR,22-239,10,11,TEN,GNB,away,111,8,111,8,7,111,15.9,0,87.5,13.9,0,0,0,0,0,0,0,0,0,0,0,0,0,0,0,0,0,0,0,0,0,0,0,0,0,0,14.600000000000001
Tony Pollard,RB,25-204,10,11,DAL,MIN,away,109,6,109,6,6,109,18.2,2,100,18.2,80,15,80,15,80,5.3,0,0,0,0,0,0,0,0,0,0,0,0,0,0,0,0,0,0,0,0,33.9
Josh Palmer,WR,24-059,10,11,LAC,KAN,home,106,10,106,10,8,106,13.3,2,80,10.6,0,0,0,0,0,0,0,0,0,0,0,0,0,0,0,0,0,0,0,0,0,0,0,0,0,0,26.6
Greg Dortch,WR,24-176,11,11,ARI,SFO,home,103,10,103,10,9,103,11.4,0,90,10.3,0,0,0,0,0,0,0,0,0,0,0,0,0,0,0,0,0,0,0,0,0,0,0,0,0,0,14.8
Chris Olave,WR,22-146,11,11,NOR,LAR,home,102,6,102,6,5,102,20.4,1,83.3,17,0,0,0,0,0,0,0,0,0,0,0,0,0,0,0,0,0,0,0,0,0,0,0,0,0,0,18.700000000000003
Wan Dale Robinson,WR,21-319,10,11,NYG,DET,home,100,13,100,13,9,100,11.1,0,69.2,7.7,4,1,4,1,4,4,0,0,0,0,0,0,0,0,0,0,0,0,0,0,0,0,0,0,0,0,14.9
Keenan Allen,WR,30-207,10,11,LAC,KAN,home,94,8,94,8,5,94,18.8,0,62.5,11.8,0,0,0,0,0,0,0,0,0,0,0,0,0,0,0,0,0,0,0,0,0,0,0,0,0,0,11.9
DeAndre Hopkins,WR,30-168,11,11,ARI,SFO,home,91,12,91,12,9,91,10.1,0,75,7.6,0,0,0,0,0,0,0,0,0,0,0,0,0,0,0,0,0,0,0,0,0,0,0,0,0,0,13.6
Darius Slayton,WR,25-312,10,11,NYG,DET,home,86,10,86,10,5,86,17.2,0,50,8.6,0,0,0,0,0,0,0,0,0,0,0,0,0,0,0,0,0,0,0,0,0,0,0,0,0,0,11.1
George Kittle,TE,29-043,10,11,SFO,ARI,away,84,6,84,6,4,84,21,2,66.7,14,0,0,0,0,0,0,0,0,0,0,0,0,0,0,0,0,0,0,0,0,0,0,0,0,0,0,22.4
George Pickens,WR,21-261,10,11,PIT,CIN,home,83,6,83,6,4,83,20.8,1,66.7,13.8,0,0,0,0,0,0,0,0,0,0,0,0,0,0,0,0,0,0,0,0,0,0,0,0,0,0,16.3
Courtland Sutton,WR,27-041,10,11,DEN,LVR,home,80,7,80,7,5,80,16,0,71.4,11.4,0,0,0,0,0,0,0,0,0,0,0,0,0,0,0,0,0,0,0,0,0,0,0,0,0,0,10.5
Pat Freiermuth,TE,24-026,10,11,PIT,CIN,home,79,12,79,12,8,79,9.9,0,66.7,6.6,0,0,0,0,0,0,0,0,0,0,0,0,0,0,0,0,0,0,0,0,0,0,0,0,0,0,11.9
DeVonta Smith,WR,24-006,10,11,PHI,IND,away,78,9,78,9,6,78,13,0,66.7,8.7,0,0,0,0,0,0,0,0,0,0,0,0,0,0,0,0,0,0,0,0,0,0,0,0,0,0,10.8
Terrace Marshall Jr,WR,22-164,11,11,CAR,BAL,away,76,6,76,6,3,76,25.3,0,50,12.7,0,0,0,0,0,0,0,0,0,0,0,0,0,0,0,0,0,0,0,0,0,0,0,0,0,0,9.100000000000001
Amon Ra St Brown,WR,23-027,10,11,DET,NYG,away,76,8,76,8,7,76,10.9,0,87.5,9.5,4,1,4,1,4,4,0,0,0,0,0,0,0,0,0,0,0,0,0,0,0,0,0,0,0,0,11.500000000000002
Michael Pittman Jr,WR,25-046,11,11,IND,PHI,home,75,7,75,7,6,75,12.5,0,85.7,10.7,0,0,0,0,0,0,0,0,0,0,0,0,0,0,0,0,0,0,0,0,0,0,0,0,0,0,10.5
Randall Cobb,WR,32-087,11,11,GNB,TEN,home,73,6,73,6,6,73,12.2,0,100,12.2,0,0,0,0,0,0,0,0,0,0,0,0,0,0,0,0,0,0,0,0,0,0,0,0,0,0,10.3
Brandin Cooks,WR,29-056,10,11,HOU,WAS,home,70,6,70,6,3,70,23.3,0,50,11.7,0,0,0,0,0,0,0,0,0,0,0,0,0,0,0,0,0,0,0,0,0,0,0,0,0,0,8.5
Dawson Knox,TE,26-006,10,11,BUF,CLE,home,70,7,70,7,7,70,10,0,100,10,0,0,0,0,0,0,0,0,0,0,0,0,0,0,0,0,0,0,0,0,0,0,0,0,0,0,10.5
Robert Woods,WR,30-221,10,11,TEN,GNB,away,69,7,69,7,6,69,11.5,0,85.7,9.9,0,0,0,0,0,0,0,0,0,0,0,0,0,0,0,0,0,0,0,0,0,0,0,0,0,0,9.9
Gabriel Davis,WR,23-233,10,11,BUF,CLE,home,68,7,68,7,5,68,13.6,0,71.4,9.7,0,0,0,0,0,0,0,0,0,0,0,0,0,0,0,0,0,0,0,0,0,0,0,0,0,0,9.3
Parris Campbell,WR,25-127,11,11,IND,PHI,home,67,6,67,6,5,67,13.4,0,83.3,11.2,0,0,0,0,0,0,0,0,0,0,0,0,0,0,0,0,0,0,0,0,0,0,0,0,0,0,9.2
Christian McCaffrey,RB,26-167,10,11,SFO,ARI,away,67,7,67,7,7,67,9.6,0,100,9.6,39,7,39,7,39,5.6,0,0,0,0,0,0,0,0,0,0,0,0,0,0,0,0,0,0,0,0,14.1
Justin Watson,WR,26-230,10,11,KAN,LAC,away,67,4,67,4,3,67,22.3,0,75,16.8,0,0,0,0,0,0,0,0,0,0,0,0,0,0,0,0,0,0,0,0,0,0,0,0,0,0,8.2
Logan Thomas,TE,31-142,11,11,WAS,HOU,away,65,6,65,6,5,65,13,0,83.3,10.8,0,0,0,0,0,0,0,0,0,0,0,0,0,0,0,0,0,0,0,0,0,0,0,0,0,0,9
Mark Andrews,TE,27-075,10,11,BAL,CAR,home,63,8,63,8,6,63,10.5,0,75,7.9,0,0,0,0,0,0,0,0,0,0,0,0,0,0,0,0,0,0,0,0,0,0,0,0,0,0,9.3
Skyy Moore,WR,22-071,10,11,KAN,LAC,away,63,6,63,6,5,63,12.6,0,83.3,10.5,0,0,0,0,0,0,0,0,0,0,0,0,0,0,0,0,0,0,0,0,0,0,0,0,0,0,8.8
Tutu Atwell,WR,23-044,10,11,LAR,NOR,away,62,1,62,1,1,62,62,1,100,62,0,0,0,0,0,0,0,0,0,0,0,0,0,0,0,0,0,0,0,0,0,0,0,0,0,0,12.7
Donovan Peoples Jones,WR,23-274,10,11,CLE,BUF,away,61,6,61,6,5,61,12.2,1,83.3,10.2,0,0,0,0,0,0,0,0,0,0,0,0,0,0,0,0,0,0,0,0,0,0,0,0,0,0,14.600000000000001
A J Brown,WR,25-143,10,11,PHI,IND,away,60,7,60,7,5,60,12,0,71.4,8.6,0,0,0,0,0,0,0,0,0,0,0,0,0,0,0,0,0,0,0,0,0,0,0,0,0,0,8.5
Kendall Hinton,WR,25-274,10,11,DEN,LVR,home,57,3,57,3,3,57,19,0,100,19,0,0,0,0,0,0,0,0,0,0,0,0,0,0,0,0,0,0,0,0,0,0,0,0,0,0,7.2
Allen Lazard,WR,26-341,11,11,GNB,TEN,home,57,11,57,11,5,57,11.4,0,45.5,5.2,0,0,0,0,0,0,0,0,0,0,0,0,0,0,0,0,0,0,0,0,0,0,0,0,0,0,8.2
Deebo Samuel,WR,26-310,10,11,SFO,ARI,away,57,9,57,9,7,57,8.1,0,77.8,6.3,37,3,37,3,37,12.3,1,0,0,0,0,0,0,0,0,0,0,0,0,0,0,0,0,0,0,0,18.9
Rhamondre Stevenson,RB,24-270,10,11,NWE,NYJ,home,56,6,56,6,6,56,9.3,0,100,9.3,26,15,26,15,26,1.7,0,0,0,0,0,0,0,0,0,0,0,0,0,0,0,0,0,0,0,0,11.200000000000001
Terry McLaurin,WR,27-066,11,11,WAS,HOU,away,55,7,55,7,4,55,13.8,0,57.1,7.9,1,1,1,1,1,1,0,0,0,0,0,0,0,0,0,0,0,0,0,0,0,0,0,0,0,0,7.6
David Montgomery,RB,25-166,11,11,CHI,ATL,away,54,4,54,4,3,54,18,0,75,13.5,67,17,67,17,67,3.9,1,0,0,0,0,0,0,0,0,0,0,0,0,0,0,0,0,0,0,0,19.6
Mack Hollins,WR,29-065,10,11,LVR,DEN,away,52,9,52,9,6,52,8.7,0,66.7,5.8,0,0,0,0,0,0,0,0,0,0,0,0,0,0,0,0,0,0,0,0,0,0,0,0,0,0,8.2
Jakobi Meyers,WR,26-011,10,11,NWE,NYJ,home,52,6,52,6,4,52,13,0,66.7,8.7,0,0,0,0,0,0,0,0,0,0,0,0,0,0,0,0,0,0,0,0,0,0,0,0,0,0,7.2
Samaje Perine,RB,27-065,10,11,CIN,PIT,away,52,4,52,4,4,52,13,3,100,13,30,11,30,11,30,2.7,0,0,0,0,0,0,0,0,0,0,0,0,0,0,0,0,0,0,0,0,28.2
Jody Fortson,TE,26-348,10,11,KAN,LAC,away,51,2,51,2,2,51,25.5,0,100,25.5,0,0,0,0,0,0,0,0,0,0,0,0,0,0,0,0,0,0,0,0,0,0,0,0,0,0,6.1000000000000005
Josh Jacobs,RB,24-282,10,11,LVR,DEN,away,51,4,51,4,3,51,17,0,75,12.8,109,24,109,24,109,4.5,0,0,0,0,0,0,0,0,0,0,0,0,0,0,0,0,0,0,0,0,17.5
A J Green,WR,34-113,11,11,ARI,SFO,home,50,9,50,9,5,50,10,0,55.6,5.6,0,0,0,0,0,0,0,0,0,0,0,0,0,0,0,0,0,0,0,0,0,0,0,0,0,0,7.5
Nick Chubb,RB,26-328,10,11,CLE,BUF,away,48,3,48,3,3,48,16,0,100,16,19,14,19,14,19,1.4,0,0,0,0,0,0,0,0,0,0,0,0,0,0,0,0,0,0,0,0,8.200000000000001
Nico Collins,WR,23-246,10,11,HOU,WAS,home,48,7,48,7,5,48,9.6,0,71.4,6.9,0,0,0,0,0,0,0,0,0,0,0,0,0,0,0,0,0,0,0,0,0,0,0,0,0,0,7.300000000000001
Stefon Diggs,WR,28-356,10,11,BUF,CLE,home,48,5,48,5,4,48,12,1,80,9.6,0,0,0,0,0,0,0,0,0,0,0,0,0,0,0,0,0,0,0,0,0,0,0,0,0,0,12.8
Richie James,WR,27-076,10,11,NYG,DET,home,48,3,48,3,3,48,16,1,100,16,0,0,0,0,0,0,0,0,0,0,0,0,0,0,0,0,0,0,0,0,0,0,0,0,0,0,12.3
Christian Watson,WR,23-189,11,11,GNB,TEN,home,48,6,48,6,4,48,12,2,66.7,8,3,1,3,1,3,3,0,0,0,0,0,0,0,0,0,0,0,0,0,0,0,0,0,0,0,0,19.1
Juwan Johnson,TE,26-068,11,11,NOR,LAR,home,47,4,47,4,3,47,15.7,1,75,11.8,0,0,0,0,0,0,0,0,0,0,0,0,0,0,0,0,0,0,0,0,0,0,0,0,0,0,12.2
Alvin Kamara,RB,27-118,11,11,NOR,LAR,home,47,5,47,5,4,47,11.8,0,80,9.4,42,12,42,12,42,3.5,0,0,0,0,0,0,0,0,0,0,0,0,0,0,0,0,0,0,0,0,10.9
Allen Robinson,WR,29-088,10,11,LAR,NOR,away,47,5,47,5,4,47,11.8,1,80,9.4,0,0,0,0,0,0,0,0,0,0,0,0,0,0,0,0,0,0,0,0,0,0,0,0,0,0,12.7
Derrick Henry,RB,28-317,10,11,TEN,GNB,away,45,2,45,2,2,45,22.5,0,100,22.5,87,28,87,28,87,3.1,1,2,2,2,0,100,4,1,0,0,50,0,118.7,0,0,0,2,12,12,2,24.360000000000003
Tyler Higbee,TE,29-323,10,11,LAR,NOR,away,45,8,45,8,4,45,11.3,0,50,5.6,0,0,0,0,0,0,0,0,0,0,0,0,0,0,0,0,0,0,0,0,0,0,0,0,0,0,6.5
CeeDee Lamb,WR,23-226,10,11,DAL,MIN,away,45,5,45,5,5,45,9,0,100,9,0,0,0,0,0,0,0,0,0,0,0,0,0,0,0,0,0,0,0,0,0,0,0,0,0,0,7
Kyle Pitts,TE,22-045,11,11,ATL,CHI,home,43,5,43,5,3,43,14.3,0,60,8.6,0,0,0,0,0,0,0,0,0,0,0,0,0,0,0,0,0,0,0,0,0,0,0,0,0,0,5.8
Tyler Boyd,WR,28-005,10,11,CIN,PIT,away,42,7,42,7,2,42,21,0,28.6,6,0,0,0,0,0,0,0,0,0,0,0,0,0,0,0,0,0,0,0,0,0,0,0,0,0,0,5.2
Noah Brown,WR,26-318,10,11,DAL,MIN,away,42,2,42,2,2,42,21,0,100,21,0,0,0,0,0,0,0,0,0,0,0,0,0,0,0,0,0,0,0,0,0,0,0,0,0,0,5.2
Trenton Irwin,WR,26-345,10,11,CIN,PIT,away,42,4,42,4,3,42,14,1,75,10.5,0,0,0,0,0,0,0,0,0,0,0,0,0,0,0,0,0,0,0,0,0,0,0,0,0,0,11.7
Joe Mixon,RB,26-119,10,11,CIN,PIT,away,42,3,42,3,3,42,14,0,100,14,20,7,20,7,20,2.9,0,0,0,0,0,0,0,0,0,0,0,0,0,0,0,0,0,0,0,0,7.7
Harrison Bryant,TE,24-211,10,11,CLE,BUF,away,41,7,41,7,4,41,10.3,0,57.1,5.9,0,0,0,0,0,0,0,0,0,0,0,0,0,0,0,0,0,0,0,0,0,0,0,0,0,0,6.1000000000000005
Michael Gallup,WR,26-261,10,11,DAL,MIN,away,41,4,41,4,3,41,13.7,0,75,10.3,0,0,0,0,0,0,0,0,0,0,0,0,0,0,0,0,0,0,0,0,0,0,0,0,0,0,5.6000000000000005
Van Jefferson,WR,26-117,10,11,LAR,NOR,away,41,5,41,5,3,41,13.7,0,60,8.2,0,0,0,0,0,0,0,0,0,0,0,0,0,0,0,0,0,0,0,0,0,0,0,0,0,0,5.6000000000000005
Jonnu Smith,TE,27-090,10,11,NWE,NYJ,home,40,4,40,4,4,40,10,0,100,10,5,1,5,1,5,5,0,0,0,0,0,0,0,0,0,0,0,0,0,0,0,0,0,0,0,0,6.5
Melvin Gordon,RB,29-221,10,11,DEN,LVR,home,39,5,39,5,5,39,7.8,0,100,7.8,31,8,31,8,31,3.9,0,0,0,0,0,0,0,0,0,0,0,0,0,0,0,0,0,0,0,0,9.5
Gunner Olszewski,WR,25-359,10,11,PIT,CIN,home,39,3,39,3,2,39,19.5,0,66.7,13,0,0,0,0,0,0,0,0,0,0,0,0,0,0,0,0,0,0,0,0,0,0,0,0,0,0,4.9
Austin Hooper,TE,28-019,10,11,TEN,GNB,away,36,4,36,4,4,36,9,2,100,9,0,0,0,0,0,0,0,0,0,0,0,0,0,0,0,0,0,0,0,0,0,0,0,0,0,0,17.6
Cole Kmet,TE,23-255,11,11,CHI,ATL,away,35,4,35,4,3,35,11.7,0,75,8.8,0,0,0,0,0,0,0,0,0,0,0,0,0,0,0,0,0,0,0,0,0,0,0,0,0,0,5
Denzel Mims,WR,25-041,10,11,NYJ,NWE,away,35,6,35,6,2,35,17.5,0,33.3,5.8,0,0,0,0,0,0,0,0,0,0,0,0,0,0,0,0,0,0,0,0,0,0,0,0,0,0,4.5
T J Hockenson,TE,25-140,10,11,MIN,DAL,home,34,9,34,9,5,34,6.8,0,55.6,3.8,0,0,0,0,0,0,0,0,0,0,0,0,0,0,0,0,0,0,0,0,0,0,0,0,0,0,5.9
DeAndre Carter,WR,29-224,10,11,LAC,KAN,home,33,3,33,3,3,33,11,0,100,11,0,0,0,0,0,0,0,0,0,0,0,0,0,0,0,0,0,0,0,0,0,0,0,0,0,0,4.800000000000001
Justin Jefferson,WR,23-157,10,11,MIN,DAL,home,33,5,33,5,3,33,11,0,60,6.6,0,0,0,0,0,0,0,0,0,0,0,0,0,0,0,0,0,0,0,0,0,0,0,0,0,0,4.800000000000001
Jarvis Landry,WR,29-357,11,11,NOR,LAR,home,33,4,33,4,3,33,11,1,75,8.3,0,0,0,0,0,0,0,0,0,0,0,0,0,0,0,0,0,0,0,0,0,0,0,0,0,0,10.8
Foster Moreau,TE,25-198,10,11,LVR,DEN,away,33,3,33,3,1,33,33,0,33.3,11,0,0,0,0,0,0,0,0,0,0,0,0,0,0,0,0,0,0,0,0,0,0,0,0,0,0,3.8000000000000003
Kalif Raymond,WR,28-104,10,11,DET,NYG,away,33,7,33,7,3,33,11,0,42.9,4.7,7,1,7,1,7,7,0,0,0,0,0,0,0,0,0,0,0,0,0,0,0,0,0,0,0,0,5.500000000000001
Antonio Gibson,RB,24-150,11,11,WAS,HOU,away,31,3,31,3,3,31,10.3,0,100,10.3,72,18,72,18,72,4,0,0,0,0,0,0,0,0,0,0,0,0,0,0,0,0,0,0,0,0,11.8
Chigoziem Okonkwo,TE,23-070,10,11,TEN,GNB,away,31,2,31,2,1,31,31,0,50,15.5,0,0,0,0,0,0,0,0,0,0,0,0,0,0,0,0,0,0,0,0,0,0,0,0,0,0,3.6
Quez Watkins,WR,24-164,10,11,PHI,IND,away,31,2,31,2,2,31,15.5,1,100,15.5,0,0,0,0,0,0,0,0,0,0,0,0,0,0,0,0,0,0,0,0,0,0,0,0,0,0,10.1
Greg Dulcich,TE,22-239,10,11,DEN,LVR,home,30,5,30,5,4,30,7.5,0,80,6,0,0,0,0,0,0,0,0,0,0,0,0,0,0,0,0,0,0,0,0,0,0,0,0,0,0,5
Damiere Byrd,WR,29-297,11,11,ATL,CHI,home,29,2,29,2,2,29,14.5,0,100,14.5,0,0,0,0,0,0,0,0,0,0,0,0,0,0,0,0,0,0,0,0,0,0,0,0,0,0,3.9000000000000004
Kenny Golladay,WR,29-017,10,11,NYG,DET,home,29,2,29,2,2,29,14.5,0,100,14.5,0,0,0,0,0,0,0,0,0,0,0,0,0,0,0,0,0,0,0,0,0,0,0,0,0,0,3.9000000000000004
Isaiah Hodgins,WR,24-030,10,11,NYG,DET,home,29,3,29,3,3,29,9.7,0,100,9.7,0,0,0,0,0,0,0,0,0,0,0,0,0,0,0,0,0,0,0,0,0,0,0,0,0,0,4.4
Darnell Mooney,WR,25-022,11,11,CHI,ATL,away,29,5,29,5,4,29,7.3,1,80,5.8,0,0,0,0,0,0,0,0,0,0,0,0,0,0,0,0,0,0,0,0,0,0,0,0,0,0,10.9
Damien Harris,RB,25-282,10,11,NWE,NYJ,home,28,2,28,2,2,28,14,0,100,14,65,8,65,8,65,8.1,0,0,0,0,0,0,0,0,0,0,0,0,0,0,0,0,0,0,0,0,10.3
Hayden Hurst,TE,29-088,10,11,CIN,PIT,away,28,3,28,3,2,28,14,0,66.7,9.3,0,0,0,0,0,0,0,0,0,0,0,0,0,0,0,0,0,0,0,0,0,0,0,0,0,0,3.8000000000000003
Alec Pierce,WR,22-202,11,11,IND,PHI,home,28,8,28,8,3,28,9.3,0,37.5,3.5,0,0,0,0,0,0,0,0,0,0,0,0,0,0,0,0,0,0,0,0,0,0,0,0,0,0,4.300000000000001
Nick Westbrook Ikhine,WR,25-241,10,11,TEN,GNB,away,28,2,28,2,2,28,14,0,100,14,0,0,0,0,0,0,0,0,0,0,0,0,0,0,0,0,0,0,0,0,0,0,0,0,0,0,3.8000000000000003
Najee Harris,RB,24-256,10,11,PIT,CIN,home,26,6,26,6,4,26,6.5,0,66.7,4.3,90,20,90,20,90,4.5,2,0,0,0,0,0,0,0,0,0,0,0,0,0,0,0,0,0,0,0,25.6
Shi Smith,WR,24-025,11,11,CAR,BAL,away,26,5,26,5,4,26,6.5,0,80,5.2,0,0,0,0,0,0,0,0,0,0,0,0,0,0,0,0,0,0,0,0,0,0,0,0,0,0,4.6
Chuba Hubbard,RB,23-162,11,11,CAR,BAL,away,25,3,25,3,2,25,12.5,0,66.7,8.3,0,4,0,4,0,0,0,0,0,0,0,0,0,0,0,0,0,0,0,0,0,0,0,0,0,0,3.5
Adam Thielen,WR,32-090,10,11,MIN,DAL,home,25,3,25,3,2,25,12.5,0,66.7,8.3,0,0,0,0,0,0,0,0,0,0,0,0,0,0,0,0,0,0,0,0,0,0,0,0,0,0,3.5
D J Moore,WR,25-220,11,11,CAR,BAL,away,24,5,24,5,3,24,8,0,60,4.8,0,0,0,0,0,0,0,0,0,0,0,0,0,0,0,0,0,0,0,0,0,0,0,0,0,0,3.9000000000000004
Equanimeous St Brown,WR,26-051,11,11,CHI,ATL,away,24,2,24,2,2,24,12,0,100,12,0,0,0,0,0,0,0,0,0,0,0,0,0,0,0,0,0,0,0,0,0,0,0,0,0,0,3.4000000000000004
Ian Thomas,TE,26-167,11,11,CAR,BAL,away,24,4,24,4,3,24,8,0,75,6,0,0,0,0,0,0,0,0,0,0,0,0,0,0,0,0,0,0,0,0,0,0,0,0,0,0,3.9000000000000004
Latavius Murray,RB,32-306,10,11,DEN,LVR,home,23,4,23,4,4,23,5.8,0,100,5.8,49,17,49,17,49,2.9,1,0,0,0,0,0,0,0,0,0,0,0,0,0,0,0,0,0,0,0,15.200000000000001
David Bell,WR,21-341,10,11,CLE,BUF,away,22,5,22,5,4,22,5.5,0,80,4.4,0,0,0,0,0,0,0,0,0,0,0,0,0,0,0,0,0,0,0,0,0,0,0,0,0,0,4.2
Malik Davis,RB,23-359,10,11,DAL,MIN,away,22,3,22,3,2,22,11,0,66.7,7.3,13,7,13,7,13,1.9,0,0,0,0,0,0,0,0,0,0,0,0,0,0,0,0,0,0,0,0,4.5
Kareem Hunt,RB,27-106,10,11,CLE,BUF,away,22,2,22,2,2,22,11,0,100,11,32,5,32,5,32,6.4,0,0,0,0,0,0,0,0,0,0,0,0,0,0,0,0,0,0,0,0,6.4
Dalton Schultz,TE,26-132,10,11,DAL,MIN,away,22,5,22,5,3,22,7.3,0,60,4.4,0,0,0,0,0,0,0,0,0,0,0,0,0,0,0,0,0,0,0,0,0,0,0,0,0,0,3.7
Keelan Cole,WR,29-214,10,11,LVR,DEN,away,21,2,21,2,1,21,21,0,50,10.5,0,0,0,0,0,0,0,0,0,0,0,0,0,0,0,0,0,0,0,0,0,0,0,0,0,0,2.6
Diontae Johnson,WR,26-138,10,11,PIT,CIN,home,21,5,21,5,4,21,5.3,0,80,4.2,1,1,1,1,1,1,0,0,0,0,0,0,0,0,0,0,0,0,0,0,0,0,0,0,0,0,4.199999999999999
Brandon Aiyuk,WR,24-249,10,11,SFO,ARI,away,20,4,20,4,2,20,10,2,50,5,0,0,0,0,0,0,0,0,0,0,0,0,0,0,0,0,0,0,0,0,0,0,0,0,0,0,15
Lawrence Cager,TE,25-092,10,11,NYG,DET,home,20,3,20,3,2,20,10,0,66.7,6.7,0,0,0,0,0,0,0,0,0,0,0,0,0,0,0,0,0,0,0,0,0,0,0,0,0,0,3
Hunter Henry,TE,27-348,10,11,NWE,NYJ,home,20,1,20,1,1,20,20,0,100,20,0,0,0,0,0,0,0,0,0,0,0,0,0,0,0,0,0,0,0,0,0,0,0,0,0,0,2.5
Aaron Jones,RB,27-350,11,11,GNB,TEN,home,20,7,20,7,6,20,3.3,0,85.7,2.9,40,12,40,12,40,3.3,0,0,0,0,0,0,0,0,0,0,0,0,0,0,0,0,0,0,0,0,9
Chris Moore,WR,29-157,10,11,HOU,WAS,home,20,7,20,7,5,20,4,0,71.4,2.9,3,1,3,1,3,3,0,0,0,0,0,0,0,0,0,0,0,0,0,0,0,0,0,0,0,0,4.8
Brock Wright,TE,23-358,10,11,DET,NYG,away,20,2,20,2,2,20,10,0,100,10,0,0,0,0,0,0,0,0,0,0,0,0,0,0,0,0,0,0,0,0,0,0,0,0,0,0,3
DeVante Parker,WR,29-304,10,11,NWE,NYJ,home,19,2,19,2,2,19,9.5,0,100,9.5,0,0,0,0,0,0,0,0,0,0,0,0,0,0,0,0,0,0,0,0,0,0,0,0,0,0,2.9000000000000004
Robert Tonyan,TE,28-201,11,11,GNB,TEN,home,19,4,19,4,2,19,9.5,0,50,4.8,0,0,0,0,0,0,0,0,0,0,0,0,0,0,0,0,0,0,0,0,0,0,0,0,0,0,2.9000000000000004
Nelson Agholor,WR,29-180,10,11,NWE,NYJ,home,18,3,18,3,2,18,9,0,66.7,6,0,0,0,0,0,0,0,0,0,0,0,0,0,0,0,0,0,0,0,0,0,0,0,0,0,0,2.8
Marquez Valdes Scantling,WR,28-041,10,11,KAN,LAC,away,18,4,18,4,1,18,18,0,25,4.5,0,0,0,0,0,0,0,0,0,0,0,0,0,0,0,0,0,0,0,0,0,0,0,0,0,0,2.3
Austin Ekeler,RB,27-187,10,11,LAC,KAN,home,17,2,17,2,2,17,8.5,0,100,8.5,83,19,83,19,83,4.4,1,0,0,0,0,0,0,0,0,0,0,0,0,0,0,0,0,0,0,0,17
Elijah Moore,WR,22-238,10,11,NYJ,NWE,away,17,4,17,4,2,17,8.5,0,50,4.3,0,0,0,0,0,0,0,0,0,0,0,0,0,0,0,0,0,0,0,0,0,0,0,0,0,0,2.7
David Njoku,TE,26-133,10,11,CLE,BUF,away,17,3,17,3,2,17,8.5,0,66.7,5.7,0,0,0,0,0,0,0,0,0,0,0,0,0,0,0,0,0,0,0,0,0,0,0,0,0,0,2.7
K J Osborn,WR,25-163,10,11,MIN,DAL,home,17,3,17,3,2,17,8.5,0,66.7,5.7,0,0,0,0,0,0,0,0,0,0,0,0,0,0,0,0,0,0,0,0,0,0,0,0,0,0,2.7
MyCole Pruitt,TE,30-241,11,11,ATL,CHI,home,17,1,17,1,1,17,17,0,100,17,0,0,0,0,0,0,0,0,0,0,0,0,0,0,0,0,0,0,0,0,0,0,0,0,0,0,2.2
Cam Sims,WR,26-318,11,11,WAS,HOU,away,17,1,17,1,1,17,17,0,100,17,0,0,0,0,0,0,0,0,0,0,0,0,0,0,0,0,0,0,0,0,0,0,0,0,0,0,2.2
Matt Breida,RB,27-265,10,11,NYG,DET,home,16,1,16,1,1,16,16,0,100,16,13,3,13,3,13,4.3,1,0,0,0,0,0,0,0,0,0,0,0,0,0,0,0,0,0,0,0,9.4
Kylen Granson,TE,24-238,11,11,IND,PHI,home,16,1,16,1,1,16,16,0,100,16,0,0,0,0,0,0,0,0,0,0,0,0,0,0,0,0,0,0,0,0,0,0,0,0,0,0,2.1
Brandon Powell,WR,27-069,10,11,LAR,NOR,away,16,2,16,2,2,16,8,0,100,8,-1,1,-1,1,-1,-1,0,0,0,0,0,0,0,0,0,0,0,0,0,0,0,0,0,0,0,0,2.5
Eric Saubert,TE,28-203,10,11,DEN,LVR,home,16,2,16,2,2,16,8,0,100,8,0,0,0,0,0,0,0,0,0,0,0,0,0,0,0,0,0,0,0,0,0,0,0,0,0,0,2.6
Tyler Conklin,TE,27-113,10,11,NYJ,NWE,away,15,3,15,3,2,15,7.5,0,66.7,5,0,0,0,0,0,0,0,0,0,0,0,0,0,0,0,0,0,0,0,0,0,0,0,0,0,0,2.5
Jake Ferguson,TE,23-306,10,11,DAL,MIN,away,15,2,15,2,2,15,7.5,0,100,7.5,0,0,0,0,0,0,0,0,0,0,0,0,0,0,0,0,0,0,0,0,0,0,0,0,0,0,2.5
Noah Gray,TE,23-204,10,11,KAN,LAC,away,15,3,15,3,2,15,7.5,0,66.7,5,0,0,0,0,0,0,0,0,0,0,0,0,0,0,0,0,0,0,0,0,0,0,0,0,0,0,2.5
Jalen Nailor,WR,23-263,10,11,MIN,DAL,home,15,3,15,3,1,15,15,0,33.3,5,0,0,0,0,0,0,0,0,0,0,0,0,0,0,0,0,0,0,0,0,0,0,0,0,0,0,2
Mike Williams,WR,28-047,10,11,LAC,KAN,home,15,1,15,1,1,15,15,0,100,15,0,0,0,0,0,0,0,0,0,0,0,0,0,0,0,0,0,0,0,0,0,0,0,0,0,0,2
Mo Alie Cox,TE,29-062,11,11,IND,PHI,home,14,1,14,1,1,14,14,0,100,14,0,0,0,0,0,0,0,0,0,0,0,0,0,0,0,0,0,0,0,0,0,0,0,0,0,0,1.9000000000000001
Raheem Blackshear,RB,23-168,11,11,CAR,BAL,away,14,3,14,3,2,14,7,0,66.7,4.7,0,0,0,0,0,0,0,0,0,0,0,0,0,0,0,0,0,0,0,0,0,0,0,0,0,0,2.4000000000000004
Dontrell Hilliard,RB,27-264,10,11,TEN,GNB,away,14,1,14,1,1,14,14,1,100,14,4,1,4,1,4,4,0,0,0,0,0,0,0,0,0,0,0,0,0,0,0,0,0,0,0,0,8.3
Trey McBride,TE,22-364,11,11,ARI,SFO,home,14,4,14,4,4,14,3.5,0,100,3.5,0,0,0,0,0,0,0,0,0,0,0,0,0,0,0,0,0,0,0,0,0,0,0,0,0,0,3.4000000000000004
Jalen Reagor,WR,23-322,10,11,MIN,DAL,home,14,1,14,1,1,14,14,0,100,14,0,0,0,0,0,0,0,0,0,0,0,0,0,0,0,0,0,0,0,0,0,0,0,0,0,0,1.9000000000000001
Saquon Barkley,RB,25-284,10,11,NYG,DET,home,13,5,13,5,2,13,6.5,0,40,2.6,22,15,22,15,22,1.5,0,0,0,0,0,0,0,0,0,0,0,0,0,0,0,0,0,0,0,0,4.5
Jahan Dotson,WR,22-243,11,11,WAS,HOU,away,13,2,13,2,1,13,13,0,50,6.5,3,1,3,1,3,3,0,0,0,0,0,0,0,0,0,0,0,0,0,0,0,0,0,0,0,0,2.1
KhaDarel Hodge,WR,27-321,11,11,ATL,CHI,home,13,1,13,1,1,13,13,0,100,13,0,0,0,0,0,0,0,0,0,0,0,0,0,0,0,0,0,0,0,0,0,0,0,0,0,0,1.8
Tom Kennedy,WR,26-114,10,11,DET,NYG,away,13,1,13,1,1,13,13,0,100,13,0,0,0,0,0,0,0,0,0,0,0,0,0,0,0,0,0,0,0,0,0,0,0,0,0,0,1.8
James Conner,RB,27-200,11,11,ARI,SFO,home,12,5,12,5,2,12,6,0,40,2.4,42,14,42,14,42,3,1,0,0,0,0,0,0,0,0,0,0,0,0,0,0,0,0,0,0,0,12.4
D Andre Swift,RB,23-310,10,11,DET,NYG,away,12,3,12,3,3,12,4,0,100,4,20,5,20,5,20,4,1,0,0,0,0,0,0,0,0,0,0,0,0,0,0,0,0,0,0,0,10.7
Adam Trautman,TE,25-288,11,11,NOR,LAR,home,12,3,12,3,3,12,4,0,100,4,0,0,0,0,0,0,0,0,0,0,0,0,0,0,0,0,0,0,0,0,0,0,0,0,0,0,2.7
Garrett Wilson,WR,22-121,10,11,NYJ,NWE,away,12,3,12,3,2,12,6,0,66.7,4,0,1,0,1,0,0,0,0,0,0,0,0,0,0,0,0,0,0,0,0,0,0,0,0,0,0,2.2
Chase Claypool,WR,24-136,11,11,CHI,ATL,away,11,3,11,3,2,11,5.5,0,66.7,3.7,0,0,0,0,0,0,0,0,0,0,0,0,0,0,0,0,0,0,0,0,0,0,0,0,0,0,2.1
Justin Jackson,RB,26-212,10,11,DET,NYG,away,11,1,11,1,1,11,11,0,100,11,66,9,66,9,66,7.3,0,0,0,0,0,0,0,0,0,0,0,0,0,0,0,0,0,0,0,0,8.200000000000001
David Johnson,RB,30-339,11,11,NOR,LAR,home,11,1,11,1,1,11,11,0,100,11,-4,1,-4,1,-4,-4,0,0,0,0,0,0,0,0,0,0,0,0,0,0,0,0,0,0,0,0,1.2000000000000002
Devin Singletary,RB,25-078,10,11,BUF,CLE,home,11,2,11,2,2,11,5.5,0,100,5.5,86,18,86,18,86,4.8,1,0,0,0,0,0,0,0,0,0,0,0,0,0,0,0,0,0,0,0,16.7
Isaiah Spiller,RB,21-103,10,11,LAC,KAN,home,11,2,11,2,2,11,5.5,0,100,5.5,11,4,11,4,11,2.8,0,0,0,0,0,0,0,0,0,0,0,0,0,0,0,0,0,0,0,0,3.2
AJ Dillon,RB,24-199,11,11,GNB,TEN,home,10,1,10,1,1,10,10,0,100,10,13,6,13,6,13,2.2,0,0,0,0,0,0,0,0,0,0,0,0,0,0,0,0,0,0,0,0,2.8
Curtis Samuel,WR,26-101,11,11,WAS,HOU,away,10,2,10,2,1,10,10,0,50,5,18,2,18,2,18,9,1,0,0,0,0,0,0,0,0,0,0,0,0,0,0,0,0,0,0,0,9.3
Jonathan Taylor,RB,23-305,11,11,IND,PHI,home,10,4,10,4,3,10,3.3,0,75,2.5,84,22,84,22,84,3.8,1,0,0,0,0,0,0,0,0,0,0,0,0,0,0,0,0,0,0,0,16.9
Tyler Allgeier,RB,22-219,11,11,ATL,CHI,home,9,1,9,1,1,9,9,0,100,9,55,8,55,8,55,6.9,0,0,0,0,0,0,0,0,0,0,0,0,0,0,0,0,0,0,0,0,6.9
O J Howard,TE,28-002,10,11,HOU,WAS,home,9,3,9,3,1,9,9,0,33.3,3,0,0,0,0,0,0,0,0,0,0,0,0,0,0,0,0,0,0,0,0,0,0,0,0,0,0,1.4
Zach Pascal,WR,27-337,10,11,PHI,IND,away,9,1,9,1,1,9,9,0,100,9,0,0,0,0,0,0,0,0,0,0,0,0,0,0,0,0,0,0,0,0,0,0,0,0,0,0,1.4
Dameon Pierce,RB,22-274,10,11,HOU,WAS,home,9,3,9,3,2,9,4.5,0,66.7,3,8,10,8,10,8,0.8,0,0,0,0,0,0,0,0,0,0,0,0,0,0,0,0,0,0,0,0,2.7
Jaylen Warren,RB,24-019,10,11,PIT,CIN,home,9,1,9,1,1,9,9,0,100,9,0,0,0,0,0,0,0,0,0,0,0,0,0,0,0,0,0,0,0,0,0,0,0,0,0,0,1.4
Olamide Zaccheaus,WR,25-120,11,11,ATL,CHI,home,9,2,9,2,1,9,9,0,50,4.5,13,1,13,1,13,13,0,0,0,0,0,0,0,0,0,0,0,0,0,0,0,0,0,0,0,0,2.7
Jordan Akins,TE,30-215,10,11,HOU,WAS,home,8,3,8,3,2,8,4,0,66.7,2.7,0,0,0,0,0,0,0,0,0,0,0,0,0,0,0,0,0,0,0,0,0,0,0,0,0,0,1.8
Kendrick Bourne,WR,27-108,10,11,NWE,NYJ,home,8,1,8,1,1,8,8,0,100,8,0,0,0,0,0,0,0,0,0,0,0,0,0,0,0,0,0,0,0,0,0,0,0,0,0,0,1.3
Zach Gentry,TE,26-071,10,11,PIT,CIN,home,8,3,8,3,2,8,4,0,66.7,2.7,0,0,0,0,0,0,0,0,0,0,0,0,0,0,0,0,0,0,0,0,0,0,0,0,0,0,1.8
Justice Hill,RB,25-006,10,11,BAL,CAR,home,8,3,8,3,3,8,2.7,0,100,2.7,30,7,30,7,30,4.3,0,0,0,0,0,0,0,0,0,0,0,0,0,0,0,0,0,0,0,0,5.3
Taysom Hill,TE,32-089,11,11,NOR,LAR,home,8,1,8,1,1,8,8,0,100,8,52,9,52,9,52,5.8,0,3,1,3,2,33.3,14,0,0,0,0,0,49.3,1,7,25,4.7,4.67,1.75,14,7.0600000000000005
Alexander Mattison,RB,24-154,10,11,MIN,DAL,home,8,1,8,1,1,8,8,0,100,8,0,2,0,2,0,0,0,0,0,0,0,0,0,0,0,0,0,0,0,0,0,0,0,0,0,0,1.3
Johnny Mundt,TE,27-362,10,11,MIN,DAL,home,8,1,8,1,1,8,8,0,100,8,0,0,0,0,0,0,0,0,0,0,0,0,0,0,0,0,0,0,0,0,0,0,0,0,0,0,1.3
Rashid Shaheed,WR,24-081,11,11,NOR,LAR,home,8,2,8,2,1,8,8,0,50,4,0,0,0,0,0,0,0,0,0,0,0,0,0,0,0,0,0,0,0,0,0,0,0,0,0,0,1.3
Jalen Tolbert,WR,23-266,10,11,DAL,MIN,away,8,1,8,1,1,8,8,0,100,8,0,0,0,0,0,0,0,0,0,0,0,0,0,0,0,0,0,0,0,0,0,0,0,0,0,0,1.3
Kyren Williams,RB,22-086,10,11,LAR,NOR,away,8,2,8,2,1,8,8,0,50,4,36,7,36,7,36,5.1,0,0,0,0,0,0,0,0,0,0,0,0,0,0,0,0,0,0,0,0,4.9
Kenyan Drake,RB,28-298,10,11,BAL,CAR,home,7,4,7,4,2,7,3.5,0,50,1.8,46,10,46,10,46,4.6,0,0,0,0,0,0,0,0,0,0,0,0,0,0,0,0,0,0,0,0,6.300000000000001
Cordarrelle Patterson,RB,31-248,11,11,ATL,CHI,home,7,2,7,2,2,7,3.5,0,100,3.5,52,10,52,10,52,5.2,0,0,0,0,0,0,0,0,0,0,0,0,0,0,0,0,0,0,0,0,6.9
Laviska Shenault Jr,WR,24-046,11,11,CAR,BAL,away,7,4,7,4,4,7,1.8,0,100,1.8,0,0,0,0,0,0,0,0,0,0,0,0,0,0,0,0,0,0,0,0,0,0,0,0,0,0,2.7
Jack Stoll,TE,24-296,10,11,PHI,IND,away,7,1,7,1,1,7,7,0,100,7,0,0,0,0,0,0,0,0,0,0,0,0,0,0,0,0,0,0,0,0,0,0,0,0,0,0,1.2000000000000002
Maxx Williams,TE,28-223,11,11,ARI,SFO,home,7,1,7,1,1,7,7,0,100,7,0,0,0,0,0,0,0,0,0,0,0,0,0,0,0,0,0,0,0,0,0,0,0,0,0,0,1.2000000000000002
Marquez Callaway,WR,24-238,11,11,NOR,LAR,home,6,1,6,1,1,6,6,0,100,6,0,0,0,0,0,0,0,0,0,0,0,0,0,0,0,0,0,0,0,0,0,0,0,0,0,0,1.1
Stone Smartt,TE,24-047,10,11,LAC,KAN,home,6,1,6,1,1,6,6,0,100,6,0,0,0,0,0,0,0,0,0,0,0,0,0,0,0,0,0,0,0,0,0,0,0,0,0,0,1.1
Ameer Abdullah,RB,29-160,10,11,LVR,DEN,away,5,4,5,4,3,5,1.7,0,75,1.3,0,0,0,0,0,0,0,0,0,0,0,0,0,0,0,0,0,0,0,0,0,0,0,0,0,0,2
Ezekiel Elliott,RB,27-121,10,11,DAL,MIN,away,5,1,5,1,1,5,5,0,100,5,42,15,42,15,42,2.8,2,0,0,0,0,0,0,0,0,0,0,0,0,0,0,0,0,0,0,0,17.2
Kene Nwangwu,RB,24-284,10,11,MIN,DAL,home,5,1,5,1,1,5,5,0,100,5,1,4,1,4,1,0.3,0,0,0,0,0,0,0,0,0,0,0,0,0,0,0,0,0,0,0,0,1.1
Dare Ogunbowale,RB,28-200,10,11,HOU,WAS,home,5,1,5,1,1,5,5,0,100,5,0,0,0,0,0,0,0,0,0,0,0,0,0,0,0,0,0,0,0,0,0,0,0,0,0,0,1
Tyquan Thornton,WR,22-105,10,11,NWE,NYJ,home,5,2,5,2,1,5,5,0,50,2.5,0,0,0,0,0,0,0,0,0,0,0,0,0,0,0,0,0,0,0,0,0,0,0,0,0,0,1
Brandon Bolden,RB,32-298,10,11,LVR,DEN,away,4,1,4,1,1,4,4,0,100,4,0,0,0,0,0,0,0,0,0,0,0,0,0,0,0,0,0,0,0,0,0,0,0,0,0,0,0.9
Boston Scott,RB,27-207,10,11,PHI,IND,away,4,2,4,2,2,4,2,0,100,2,8,3,8,3,8,2.7,0,0,0,0,0,0,0,0,0,0,0,0,0,0,0,0,0,0,0,0,2.2
Ben Skowronek,WR,25-146,10,11,LAR,NOR,away,4,4,4,4,1,4,4,0,25,1,0,0,0,0,0,0,0,0,0,0,0,0,0,0,0,0,0,0,0,0,0,0,0,0,0,0,0.9
Devin Duvernay,WR,25-069,10,11,BAL,CAR,home,3,1,3,1,1,3,3,0,100,3,4,1,4,1,4,4,0,0,0,0,0,0,0,0,0,0,0,0,0,0,0,0,0,0,0,0,1.2000000000000002
Deon Jackson,RB,23-275,11,11,IND,PHI,home,3,4,3,4,4,3,0.8,0,100,0.8,7,1,7,1,7,7,0,0,0,0,0,0,0,0,0,0,0,0,0,0,0,0,0,0,0,0,3
Geoff Swaim,TE,29-062,10,11,TEN,GNB,away,3,1,3,1,1,3,3,0,100,3,0,0,0,0,0,0,0,0,0,0,0,0,0,0,0,0,0,0,0,0,0,0,0,0,0,0,0.8
Caleb Huntley,RB,24-066,11,11,ATL,CHI,home,2,1,2,1,1,2,2,0,100,2,4,1,4,1,4,4,0,0,0,0,0,0,0,0,0,0,0,0,0,0,0,0,0,0,0,0,1.1
Brandon Johnson,0,24-117,10,11,DEN,LVR,home,2,2,2,2,1,2,2,0,50,1,0,0,0,0,0,0,0,0,0,0,0,0,0,0,0,0,0,0,0,0,0,0,0,0,0,0,0.7
Drake London,WR,21-119,11,11,ATL,CHI,home,2,3,2,3,1,2,2,1,33.3,0.7,0,0,0,0,0,0,0,0,0,0,0,0,0,0,0,0,0,0,0,0,0,0,0,0,0,0,6.7
Josh Oliver,TE,25-244,10,11,BAL,CAR,home,2,1,2,1,1,2,2,0,100,2,0,0,0,0,0,0,0,0,0,0,0,0,0,0,0,0,0,0,0,0,0,0,0,0,0,0,0.7
Isaiah Likely,TE,22-216,10,11,BAL,CAR,home,1,3,1,3,1,1,1,0,33.3,0.3,0,0,0,0,0,0,0,0,0,0,0,0,0,0,0,0,0,0,0,0,0,0,0,0,0,0,0.6
Miles Sanders,RB,25-203,10,11,PHI,IND,away,1,1,1,1,1,1,1,0,100,1,47,13,47,13,47,3.6,0,0,0,0,0,0,0,0,0,0,0,0,0,0,0,0,0,0,0,0,5.3
Trent Taylor,WR,28-204,10,11,CIN,PIT,away,1,1,1,1,1,1,1,0,100,1,0,0,0,0,0,0,0,0,0,0,0,0,0,0,0,0,0,0,0,0,0,0,0,0,0,0,0.6
Stephen Anderson,TE,29-295,11,11,ARI,SFO,home,0,1,0,1,0,0,0,0,0,0,0,0,0,0,0,0,0,0,0,0,0,0,0,0,0,0,0,0,0,0,0,0,0,0,0,0,0
Michael Bandy,WR,24-350,10,11,LAC,KAN,home,0,1,0,1,0,0,0,0,0,0,0,0,0,0,0,0,0,0,0,0,0,0,0,0,0,0,0,0,0,0,0,0,0,0,0,0,0
John Bates,TE,25-014,11,11,WAS,HOU,away,0,1,0,1,0,0,0,0,0,0,0,0,0,0,0,0,0,0,0,0,0,0,0,0,0,0,0,0,0,0,0,0,0,0,0,0,0
Braxton Berrios,WR,27-045,10,11,NYJ,NWE,away,0,1,0,1,0,0,0,0,0,0,0,0,0,0,0,0,0,0,0,0,0,0,0,0,0,0,0,0,0,0,0,0,0,0,0,0,0
Pharaoh Brown,TE,28-200,10,11,CLE,BUF,away,0,1,0,1,0,0,0,0,0,0,0,0,0,0,0,0,0,0,0,0,0,0,0,0,0,0,0,0,0,0,0,0,0,0,0,0,0
Jason Cabinda,FB,26-248,10,11,DET,NYG,away,0,2,0,2,0,0,0,0,0,0,0,0,0,0,0,0,0,0,0,0,0,0,0,0,0,0,0,0,0,0,0,0,0,0,0,0,0
DJ Chark,WR,26-058,10,11,DET,NYG,away,0,1,0,1,0,0,0,0,0,0,0,0,0,0,0,0,0,0,0,0,0,0,0,0,0,0,0,0,0,0,0,0,0,0,0,0,0
Dalvin Cook,RB,27-102,10,11,MIN,DAL,home,0,1,0,1,0,0,0,0,0,0,72,11,72,11,72,6.5,0,0,0,0,0,0,0,0,0,0,0,0,0,0,0,0,0,0,0,0,7.2
Isiah Pacheco,RB,22-263,10,11,KAN,LAC,away,0,0,0,0,0,0,0,0,0,0,107,15,107,15,107,7.1,0,0,0,0,0,0,0,0,0,0,0,0,0,0,0,0,0,0,0,0,10.700000000000001
James Cook,RB,23-056,10,11,BUF,CLE,home,0,0,0,0,0,0,0,0,0,0,86,11,86,11,86,7.8,0,0,0,0,0,0,0,0,0,0,0,0,0,0,0,0,0,0,0,0,8.6
Jalen Hurts,QB,24-105,10,11,PHI,IND,away,0,0,0,0,0,0,0,0,0,0,86,16,86,16,86,5.4,1,25,18,25,7,72,190,1,0,0,4,0,107.1,3,17,10.71,7.6,8.4,6.89,10.6,26.2
Justin Fields,QB,23-260,11,11,CHI,ATL,away,0,0,0,0,0,0,0,0,0,0,85,18,85,18,85,4.7,1,21,14,21,7,66.7,153,1,1,0,4.8,4.8,84,4,25,16,7.3,6.1,4.12,10.9,23.62
Jamaal Williams,RB,27-231,10,11,DET,NYG,away,0,0,0,0,0,0,0,0,0,0,64,17,64,17,64,3.8,3,0,0,0,0,0,0,0,0,0,0,0,0,0,0,0,0,0,0,0,24.4
Cam Akers,RB,23-151,10,11,LAR,NOR,away,0,0,0,0,0,0,0,0,0,0,61,14,61,14,61,4.4,0,0,0,0,0,0,0,0,0,0,0,0,0,0,0,0,0,0,0,0,6.1000000000000005
Elijah Mitchell,RB,24-203,10,11,SFO,ARI,away,0,0,0,0,0,0,0,0,0,0,59,9,59,9,59,6.6,0,0,0,0,0,0,0,0,0,0,0,0,0,0,0,0,0,0,0,0,5.9
Brian Robinson Jr,RB,23-243,11,11,WAS,HOU,away,0,0,0,0,0,0,0,0,0,0,57,15,57,15,57,3.8,0,0,0,0,0,0,0,0,0,0,0,0,0,0,0,0,0,0,0,0,5.7
Daniel Jones,QB,25-177,10,11,NYG,DET,home,0,0,0,0,0,0,0,0,0,0,50,7,50,7,50,7.1,1,44,27,44,17,61.4,341,1,2,0,2.3,4.5,74.1,2,17,4.35,7.8,6.16,5.52,12.6,26.64
Bryce Perkins,QB,25-335,10,11,LAR,NOR,away,0,0,0,0,0,0,0,0,0,0,39,5,39,5,39,7.8,0,10,5,10,5,50,64,0,0,0,0,0,70.4,3,26,23.08,6.4,6.4,2.92,12.8,6.460000000000001
Lamar Jackson,QB,25-317,10,11,BAL,CAR,home,0,0,0,0,0,0,0,0,0,0,31,11,31,11,31,2.8,1,33,24,33,9,72.7,209,0,1,0,0,3,76.5,3,16,8.33,6.3,4.97,4.11,8.7,16.46
Jacoby Brissett,QB,29-344,10,11,CLE,BUF,away,0,0,0,0,0,0,0,0,0,0,29,7,29,7,29,4.1,0,41,28,41,13,68.3,324,3,0,0,7.3,0,116.3,1,8,2.38,7.9,9.37,8.95,11.6,27.86
Zach Wilson,QB,23-109,10,11,NYJ,NWE,away,0,0,0,0,0,0,0,0,0,0,26,3,26,3,26,8.7,0,22,9,22,13,40.9,77,0,0,0,0,0,50.8,4,33,15.38,3.5,3.5,1.69,8.6,5.68
Marcus Mariota,QB,29-021,11,11,ATL,CHI,home,0,0,0,0,0,0,0,0,0,0,25,13,25,13,25,1.9,1,20,13,20,7,65,131,1,0,0,5,0,100.2,0,0,0,6.6,7.55,7.55,10.1,17.740000000000002
D Onta Foreman,RB,26-210,11,11,CAR,BAL,away,0,0,0,0,0,0,0,0,0,0,24,11,24,11,24,2.2,0,0,0,0,0,0,0,0,0,0,0,0,0,0,0,0,0,0,0,0,2.4000000000000004
Jerick McKinnon,RB,30-201,10,11,KAN,LAC,away,0,0,0,0,0,0,0,0,0,0,24,6,24,6,24,4,0,0,0,0,0,0,0,0,0,0,0,0,0,0,0,0,0,0,0,0,2.4000000000000004
Patrick Mahomes,QB,27-064,10,11,KAN,LAC,away,0,0,0,0,0,0,0,0,0,0,23,4,23,4,23,5.8,0,34,20,34,14,58.8,329,3,0,0,8.8,0,120.8,1,7,2.86,9.7,11.44,10.91,16.5,27.46
Michael Carter,RB,23-197,10,11,NYJ,NWE,away,0,0,0,0,0,0,0,0,0,0,19,8,19,8,19,2.4,0,0,0,0,0,0,0,0,0,0,0,0,0,0,0,0,0,0,0,0,1.9000000000000001
Keaontay Ingram,RB,23-026,11,11,ARI,SFO,home,0,0,0,0,0,0,0,0,0,0,19,5,19,5,19,3.8,0,0,0,0,0,0,0,0,0,0,0,0,0,0,0,0,0,0,0,0,1.9000000000000001
Justin Herbert,QB,24-255,10,11,LAC,KAN,home,0,0,0,0,0,0,0,0,0,0,17,5,17,5,17,3.4,0,30,23,30,7,76.7,280,2,1,0,6.7,3.3,113.2,5,30,14.29,9.3,9.17,7,12.2,19.900000000000002
Dak Prescott,QB,29-114,10,11,DAL,MIN,away,0,0,0,0,0,0,0,0,0,0,16,3,16,3,16,5.3,0,25,22,25,3,88,276,2,0,0,8,0,139.3,0,0,0,11,12.64,12.64,12.5,20.64
Jordan Mason,RB,23-181,10,11,SFO,ARI,away,0,0,0,0,0,0,0,0,0,0,14,4,14,4,14,3.5,0,0,0,0,0,0,0,0,0,0,0,0,0,0,0,0,0,0,0,0,1.4000000000000001
Kenny Pickett,QB,24-167,10,11,PIT,CIN,home,0,0,0,0,0,0,0,0,0,0,14,2,14,2,14,7,0,42,25,42,17,59.5,265,1,0,0,2.4,0,85.9,2,16,4.55,6.3,6.79,6.11,10.6,16
Baker Mayfield,QB,27-220,11,11,CAR,BAL,away,0,0,0,0,0,0,0,0,0,0,12,2,12,2,12,6,0,33,21,33,12,63.6,196,0,2,0,0,6.1,54.6,4,27,10.81,5.9,3.21,2.14,9.3,7.039999999999999
Davis Mills,QB,24-030,10,11,HOU,WAS,home,0,0,0,0,0,0,0,0,0,0,10,5,10,5,10,2,1,33,19,33,14,57.6,169,0,2,1,0,6.1,46.1,5,42,13.16,5.1,2.39,0.97,8.9,11.76
James Robinson,RB,24-103,10,11,NYJ,NWE,away,0,0,0,0,0,0,0,0,0,0,10,7,10,7,10,1.4,0,0,0,0,0,0,0,0,0,0,0,0,0,0,0,0,0,0,0,0,1
Clyde Edwards Helaire,RB,23-223,10,11,KAN,LAC,away,0,0,0,0,0,0,0,0,0,0,9,2,9,2,9,4.5,0,0,0,0,0,0,0,0,0,0,0,0,0,0,0,0,0,0,0,0,0.9
Darrell Henderson,RB,25-093,10,11,LAR,NOR,away,0,0,0,0,0,0,0,0,0,0,9,2,9,2,9,4.5,0,0,0,0,0,0,0,0,0,0,0,0,0,0,0,0,0,0,0,0,0.9
Trestan Ebner,RB,23-322,11,11,CHI,ATL,away,0,0,0,0,0,0,0,0,0,0,8,6,8,6,8,1.3,0,0,0,0,0,0,0,0,0,0,0,0,0,0,0,0,0,0,0,0,0.8
Russell Wilson,QB,33-356,10,11,DEN,LVR,home,0,0,0,0,0,0,0,0,0,0,8,1,8,1,8,8,0,31,24,31,7,77.4,247,0,0,0,0,0,99.8,3,21,8.82,8,7.97,6.65,10.3,10.680000000000001
Josh Allen,QB,26-183,10,11,BUF,CLE,home,0,0,0,0,0,0,0,0,0,0,7,3,7,3,7,2.3,0,27,18,27,9,66.7,197,1,0,0,3.7,0,100.4,2,11,6.9,7.3,8.04,7.1,10.9,12.58
Zack Moss,RB,24-340,11,11,IND,PHI,home,0,0,0,0,0,0,0,0,0,0,7,2,7,2,7,3.5,0,0,0,0,0,0,0,0,0,0,0,0,0,0,0,0,0,0,0,0,0.7000000000000001
Trayveon Williams,RB,25-033,10,11,CIN,PIT,away,0,0,0,0,0,0,0,0,0,0,7,2,7,2,7,3.5,0,0,0,0,0,0,0,0,0,0,0,0,0,0,0,0,0,0,0,0,0.7000000000000001
Chase Edmonds,RB,26-221,10,11,DEN,LVR,home,0,0,0,0,0,0,0,0,0,0,6,2,6,2,6,3,0,0,0,0,0,0,0,0,0,0,0,0,0,0,0,0,0,0,0,0,0.6000000000000001
Colt McCoy,QB,36-077,11,11,ARI,SFO,home,0,0,0,0,0,0,0,0,0,0,6,3,6,3,6,2,0,34,24,34,10,70.6,218,0,1,0,0,2.9,75.4,3,30,8.11,6.4,5.09,3.86,9.1,8.32
Trace McSorley,QB,27-090,11,11,ARI,SFO,home,0,0,0,0,0,0,0,0,0,0,6,1,6,1,6,6,0,10,6,10,4,60,59,0,1,0,0,10,37.1,0,0,0,5.9,1.4,1.4,9.8,1.96
Joe Burrow,QB,25-345,10,11,CIN,PIT,away,0,0,0,0,0,0,0,0,0,0,5,4,5,4,5,1.3,0,39,24,39,15,61.5,355,4,2,0,10.3,5.1,104.1,2,9,4.88,9.1,8.85,8.2,14.8,28.700000000000003
Ty Johnson,RB,25-064,10,11,NYJ,NWE,away,0,0,0,0,0,0,0,0,0,0,4,4,4,4,4,1,0,0,0,0,0,0,0,0,0,0,0,0,0,0,0,0,0,0,0,0,0.4
Kyle Juszczyk,FB,31-212,10,11,SFO,ARI,away,0,0,0,0,0,0,0,0,0,0,4,1,4,1,4,4,0,0,0,0,0,0,0,0,0,0,0,0,0,0,0,0,0,0,0,0,0.4
Patrick Ricard,FB,28-177,10,11,BAL,CAR,home,0,0,0,0,0,0,0,0,0,0,4,1,4,1,4,4,0,0,0,0,0,0,0,0,0,0,0,0,0,0,0,0,0,0,0,0,0.4
Matthew Stafford,QB,34-286,10,11,LAR,NOR,away,0,0,0,0,0,0,0,0,0,0,4,1,4,1,4,4,0,18,11,18,7,61.1,159,2,0,0,11.1,0,126.9,1,9,5.26,8.8,11.06,10,14.5,14.760000000000002
Jimmy Garoppolo,QB,31-019,10,11,SFO,ARI,away,0,0,0,0,0,0,0,0,0,0,3,1,3,1,3,3,0,29,20,29,9,69,228,4,0,0,13.8,0,131.9,0,0,0,7.9,10.62,10.62,11.4,25.42
Zander Horvath,FB,23-345,10,11,LAC,KAN,home,0,0,0,0,0,0,0,0,0,0,3,1,3,1,3,3,0,0,0,0,0,0,0,0,0,0,0,0,0,0,0,0,0,0,0,0,0.30000000000000004
Mac Jones,QB,24-076,10,11,NWE,NYJ,home,0,0,0,0,0,0,0,0,0,0,3,2,3,2,3,1.5,0,27,23,27,4,85.2,246,0,0,0,0,0,104.6,6,48,18.18,9.1,9.11,6,10.7,10.14
Brock Purdy,QB,22-329,10,11,SFO,ARI,away,0,0,0,0,0,0,0,0,0,0,3,3,3,3,3,1,0,0,0,0,0,0,0,0,0,0,0,0,0,0,0,0,0,0,0,0,0.30000000000000004
Taylor Heinicke,QB,29-250,11,11,WAS,HOU,away,0,0,0,0,0,0,0,0,0,0,2,3,2,3,2,0.7,0,27,15,27,12,55.6,191,0,0,0,0,0,77.9,0,0,0,7.1,7.07,7.07,12.7,7.840000000000001
Sony Michel,RB,27-276,10,11,LAC,KAN,home,0,0,0,0,0,0,0,0,0,0,1,1,1,1,1,1,0,0,0,0,0,0,0,0,0,0,0,0,0,0,0,0,0,0,0,0,0.1
Matt Ryan,QB,37-187,11,11,IND,PHI,home,0,0,0,0,0,0,0,0,0,0,1,1,1,1,1,1,0,32,23,32,9,71.9,213,0,0,0,0,0,89.7,4,28,11.11,6.7,6.66,5.14,9.3,8.62
Kenneth Gainwell,RB,23-251,10,11,PHI,IND,away,0,0,0,0,0,0,0,0,0,0,0,1,0,1,0,0,0,0,0,0,0,0,0,0,0,0,0,0,0,0,0,0,0,0,0,0,0
Jared Goff,QB,28-037,10,11,DET,NYG,away,0,0,0,0,0,0,0,0,0,0,-1,4,-1,4,-1,-0.3,0,26,17,26,9,65.4,165,0,0,0,0,0,83,0,0,0,6.3,6.35,6.35,9.7,6.500000000000001
Andy Dalton,QB,35-022,11,11,NOR,LAR,home,0,0,0,0,0,0,0,0,0,0,-2,2,-2,2,-2,-1,0,25,21,25,4,84,260,3,0,0,12,0,149.6,3,32,10.71,10.4,12.8,10.29,12.4,22.200000000000003
Steven Sims,WR,25-234,10,11,PIT,CIN,home,0,0,0,0,0,0,0,0,0,0,-3,1,-3,1,-3,-3,0,0,0,0,0,0,0,0,0,0,0,0,0,0,0,0,0,0,0,0,-0.30000000000000004
Ryan Tannehill,QB,34-113,10,11,TEN,GNB,away,0,0,0,0,0,0,0,0,0,0,-3,3,-3,3,-3,-1,0,27,22,27,5,81.5,333,2,1,0,7.4,3.7,127.3,3,17,10,12.3,12.15,10.37,15.1,20.02
Rondale Moore,WR,22-165,11,11,ARI,SFO,home,0,0,0,0,0,0,0,0,0,0,-6,1,-6,1,-6,-6,0,0,0,0,0,0,0,0,0,0,0,0,0,0,0,0,0,0,0,0,-0.6000000000000001
Nyheim Hines,RB,26-008,10,11,BUF,CLE,home,0,0,0,0,0,0,0,0,0,0,-8,1,-8,1,-8,-8,0,0,0,0,0,0,0,0,0,0,0,0,0,0,0,0,0,0,0,0,-0.8
Derek Carr,QB,31-237,10,11,LVR,DEN,away,0,0,0,0,0,0,0,0,0,0,0,0,0,0,0,0,0,37,23,37,14,62.2,307,2,0,0,5.4,0,106.5,1,9,2.63,8.3,9.38,8.89,13.3,20.28
Aaron Rodgers,QB,38-350,11,11,GNB,TEN,home,0,0,0,0,0,0,0,0,0,0,0,0,0,0,0,0,0,39,24,39,15,61.5,227,2,0,0,5.1,0,94.7,1,12,2.5,5.8,6.85,6.38,9.5,17.08
Nick Mullens,QB,27-244,10,11,MIN,DAL,home,0,0,0,0,0,0,0,0,0,0,0,0,0,0,0,0,0,7,5,7,2,71.4,54,0,0,0,0,0,93.7,0,0,0,7.7,7.71,7.71,10.8,2.16
Cooper Rush,QB,28-364,10,11,DAL,MIN,away,0,0,0,0,0,0,0,0,0,0,0,0,0,0,0,0,0,5,4,5,1,80,31,0,0,0,0,0,92.5,0,0,0,6.2,6.2,6.2,7.8,1.24
Kirk Cousins,QB,34-093,10,11,MIN,DAL,home,0,0,0,0,0,0,0,0,0,0,0,0,0,0,0,0,0,23,12,23,11,52.2,105,0,0,0,0,0,64.6,7,49,23.33,4.6,4.57,1.87,8.8,4.2
