player,position,opponent,expected_points,salary,ex_ppd,week,TEAM,OPP,MATCHUP,Start_Sit,Online_proj,rk_rec,yds_rec,tgt_rec,day_rec,g_number_rec,date_rec,age_rec,team_rec,home_away_rec,opp_rec,result_rec,tgt_2_rec,rec_rec,yds_2_rec,y_r_rec,td_rec,ctch_percent_rec,y_tgt_rec,x1_rec,pos_rec,draft_rec,rk_rus,yds_rus,att_rus,day_rus,g_number_rus,date_rus,age_rus,team_rus,home_away_rus,opp_rus,result_rus,att_2_rus,yds_2_rus,y_a_rus,td_rus,x1_rus,pos_rus,draft_rus,points,FPPG
Jonathan Taylor,RB,KC,17.043803063480667,39,0.4370205913712991,3,IND,vs. KC,3 out of 5 stars,A+,18.6,136,20,5,Sun,3,2022-09-25,23-249,IND,home,KAN,W 20-17,5,3,20,6.7,0,60,4,1,RB,2-41,17,71,21,NA,3,2022-09-25,23-249,IND,home,KAN,W 20-17,21,71,3.4,0,3,NA,2-41,10.600000000000001,16.2
Austin Ekeler,RB,JAX,14.685285533461691,26,0.5648186743639112,3,LAC,vs. JAC,4 out of 5 stars,A,16.4,59,48,8,Sun,3,2022-09-25,27-131,LAC,home,JAX,L 10-38,8,8,48,6,0,100,6,2,RB,0,94,5,4,NA,3,2022-09-25,27-131,LAC,home,JAX,L 10-38,4,5,1.3,0,0,NA,0,9.3,11.6
Joe Mixon,RB,NYJ,16.740858562780396,29,0.577270984923462,3,CIN,at NYJ,5 out of 5 stars,A,15.8,159,14,7,Sun,3,2022-09-25,26-063,CIN,away,NYJ,W 27-12,7,3,14,4.7,0,42.9,2,0,RB,2-48,49,24,12,NA,3,2022-09-25,26-063,CIN,away,NYJ,W 27-12,12,24,2,0,2,NA,2-48,5.300000000000001,13.9
Najee Harris,RB,CLE,14.880479097218304,22,0.6763854135099229,3,PIT,at CLE,3 out of 5 stars,B+,12.8,0,0,0,0,0,0,0,0,0,0,0,0,0,0,0,0,0,0,0,0,0,24,56,15,NA,3,2022-09-22,24-197,PIT,away,CLE,L 17-29,15,56,3.7,1,5,NA,1-24,11.600000000000001,10.9
James Conner,RB,LAR,12.46977400363589,25,0.4987909601454356,3,ARI,vs. LAR,2 out of 5 stars,C+,10.6,140,18,5,Sun,3,2022-09-25,27-143,ARI,home,LAR,L 12-20,5,3,18,6,0,60,3.6,0,RB,3-105,35,39,13,NA,3,2022-09-25,27-143,ARI,home,LAR,L 12-20,13,39,3,0,7,NA,3-105,7.2,10
Ezekiel Elliott,RB,NYG,9.550868145534778,20,0.47754340727673894,3,DAL,at NYG,4 out of 5 stars,B-,11.1,0,0,0,0,0,0,0,0,0,0,0,0,0,0,0,0,0,0,0,0,0,15,73,15,NA,3,2022-09-26,27-066,DAL,away,NYG,W 23-16,15,73,4.9,1,4,NA,1-4,13.3,5.4
Nick Chubb,RB,PIT,15.97519323709076,26,0.6144305091188754,3,CLE,vs. PIT,3 out of 5 stars,A,15.3,0,0,0,0,0,0,0,0,0,0,0,0,0,0,0,0,0,0,0,0,0,3,113,23,NA,3,2022-09-22,26-269,CLE,home,PIT,W 29-17,23,113,4.9,1,4,NA,2-35,17.3,21
Damien Harris,RB,BAL,10.626038575101786,17,0.6250610926530462,3,NE,vs. BAL,3 out of 5 stars,C+,10.4,0,0,0,0,0,0,0,0,0,0,0,0,0,0,0,0,0,0,0,0,0,33,41,11,NA,3,2022-09-25,25-226,NWE,home,BAL,L 26-37,11,41,3.7,1,3,NA,3-87,10.100000000000001,11.2
Alvin Kamara,RB,CAR,11.962614713436754,29,0.4125039556357501,3,NO,at CAR,3 out of 5 stars,B,11.7,171,12,7,Sun,3,2022-09-25,27-062,NOR,away,CAR,L 14-22,7,2,12,6,0,28.6,1.7,0,RB,3-67,21,61,15,NA,3,2022-09-25,27-062,NOR,away,CAR,L 14-22,15,61,4.1,0,3,NA,3-67,8.3,6.1
Antonio Gibson,RB,PHI,15.327193274217194,19,0.8066943828535366,3,WAS,vs. PHI,4 out of 5 stars,B+,12.1,0,0,0,0,0,0,0,0,0,0,0,0,0,0,0,0,0,0,0,0,0,37,38,12,NA,3,2022-09-25,24-094,WAS,home,PHI,L 8-24,12,38,3.2,1,3,NA,3-66,9.8,13.8
Leonard Fournette,RB,GB,14.087603962398704,27,0.5217631097184705,3,TB,vs. GB,5 out of 5 stars,A,14.9,87,35,6,Sun,3,2022-09-25,27-250,TAM,home,GNB,L 12-14,6,5,35,7,0,83.3,5.8,3,RB,1-4,39,35,12,NA,3,2022-09-25,27-250,TAM,home,GNB,L 12-14,12,35,2.9,0,1,NA,1-4,9.5,11.6
Cordarrelle Patterson,RB,SEA,14.218692772848645,15,0.947912851523243,3,ATL,at SEA,3 out of 5 stars,B,11.2,174,12,1,Sun,3,2022-09-25,31-192,ATL,away,SEA,W 27-23,1,1,12,12,0,100,12,1,RB,1-29,2,141,17,NA,3,2022-09-25,31-192,ATL,away,SEA,W 27-23,17,141,8.3,1,5,NA,1-29,21.8,12.6
Aaron Jones,RB,TB,13.939149942886914,20,0.6969574971443457,3,GB,at TB,3 out of 5 stars,A-,13.1,179,11,4,Sun,3,2022-09-25,27-297,GNB,away,TAM,W 14-12,4,3,11,3.7,0,75,2.8,0,RB,5-182,38,36,12,NA,3,2022-09-25,27-297,GNB,away,TAM,W 14-12,12,36,3,0,1,NA,5-182,6.2,19.8
Derrick Henry,RB,LV,15.027125774968948,35,0.4293464507133985,3,TEN,vs. LV,3 out of 5 stars,A,13.9,48,58,6,Sun,3,2022-09-25,28-264,TEN,home,LVR,W 24-22,6,5,58,11.6,0,83.3,9.7,2,RB,2-45,10,85,20,NA,3,2022-09-25,28-264,TEN,home,LVR,W 24-22,20,85,4.3,1,5,NA,2-45,22.8,8.4
Dalvin Cook,RB,DET,13.60322551500234,31,0.4388137262903981,3,MIN,vs. DET,5 out of 5 stars,A+,16.9,0,0,0,0,0,0,0,0,0,0,0,0,0,0,0,0,0,0,0,0,0,8,96,17,NA,3,2022-09-25,27-046,MIN,home,DET,W 28-24,17,96,5.6,1,7,NA,2-41,15.600000000000001,9
Josh Jacobs,RB,TEN,12.712903234504584,18,0.7062724019169214,3,LV,at TEN,2 out of 5 stars,C,9,97,31,5,Sun,3,2022-09-25,24-226,LVR,away,TEN,L 22-24,5,5,31,6.2,0,100,6.2,1,RB,1-24,18,66,13,NA,3,2022-09-25,24-226,LVR,away,TEN,L 22-24,13,66,5.1,0,4,NA,1-24,12.2,8.2
Javonte Williams,RB,SF,11.481061165130145,22,0.5218664165968246,3,DEN,vs. SF,2 out of 5 stars,A-,13.4,0,0,0,0,0,0,0,0,0,0,0,0,0,0,0,0,0,0,0,0,0,23,58,15,NA,3,2022-09-25,22-153,DEN,home,SFO,W 11-10,15,58,3.9,0,1,NA,2-35,5.800000000000001,11.6
Devin Singletary,RB,MIA,7.4230442735375135,15,0.49486961823583425,3,BUF,at MIA,3 out of 5 stars,C,9.4,28,78,11,Sun,3,2022-09-25,25-022,BUF,away,MIA,L 19-21,11,9,78,8.7,1,81.8,7.1,4,RB,3-74,70,13,9,NA,3,2022-09-25,25-022,BUF,away,MIA,L 19-21,9,13,1.4,0,1,NA,3-74,19.6,5.2
David Montgomery,RB,HOU,15.384587377053798,18,0.854699298725211,3,CHI,vs. HOU,4 out of 5 stars,B+,12.8,0,0,0,0,0,0,0,0,0,0,0,0,0,0,0,0,0,0,0,0,0,73,11,3,NA,3,2022-09-25,25-110,CHI,home,HOU,W 23-20,3,11,3.7,0,0,NA,3-73,1.1,10.6
AJ Dillon,RB,TB,10.725606024856866,18,0.595867001380937,3,GB,at TB,3 out of 5 stars,B,11.4,0,0,0,0,0,0,0,0,0,0,0,0,0,0,0,0,0,0,0,0,0,40,32,12,NA,3,2022-09-25,24-146,GNB,away,TAM,W 14-12,12,32,2.7,0,2,NA,2-62,3.2,12.4
Darrel Williams,RB,LAR,8.227000212909068,15,0.5484666808606046,3,ARI,vs. LAR,2 out of 5 stars,F,5.4,0,0,0,0,0,0,0,0,0,0,0,0,0,0,0,0,0,0,0,0,0,89,7,1,NA,3,2022-09-25,27-163,ARI,home,LAR,L 12-20,1,7,7,0,0,NA,0,0.7000000000000001,13.2
D Andre Swift,RB,MIN,18.196858573439,24,0.7582024405599582,3,DET,at MIN,4 out of 5 stars,A,13.6,153,15,4,Sun,3,2022-09-25,23-254,DET,away,MIN,L 24-28,4,3,15,5,0,75,3.8,1,RB,2-35,42,31,7,NA,3,2022-09-25,23-254,DET,away,MIN,L 24-28,7,31,4.4,0,0,NA,2-35,6.1,20.4
James Robinson,RB,LAC,13.731488586453128,20,0.6865744293226564,3,JAC,at LAC,4 out of 5 stars,B-,10.9,148,16,3,Sun,3,2022-09-25,24-047,JAX,away,LAC,W 38-10,3,3,16,5.3,0,100,5.3,1,RB,0,7,100,17,NA,3,2022-09-25,24-047,JAX,away,LAC,W 38-10,17,100,5.9,1,4,NA,0,19.1,17.1
Tony Pollard,RB,NYG,10.60330386727076,15,0.7068869244847172,3,DAL,at NYG,4 out of 5 stars,C,10,0,0,0,0,0,0,0,0,0,0,0,0,0,0,0,0,0,0,0,0,0,6,105,13,NA,3,2022-09-26,25-149,DAL,away,NYG,W 23-16,13,105,8.1,0,5,NA,4-128,10.5,10.5
Michael Carter,RB,CIN,10.178100346994,14,0.7270071676424285,3,NYJ,vs. CIN,3 out of 5 stars,C,10,195,7,2,Sun,3,2022-09-25,23-141,NYJ,home,CIN,L 12-27,2,1,7,7,0,50,3.5,0,RB,4-107,34,39,11,NA,3,2022-09-25,23-141,NYJ,home,CIN,L 12-27,11,39,3.5,0,2,NA,4-107,5.1000000000000005,10.5
Rashaad Penny,RB,ATL,9.570999594988155,18,0.5317221997215642,3,SEA,vs. ATL,4 out of 5 stars,C,10.1,0,0,0,0,0,0,0,0,0,0,0,0,0,0,0,0,0,0,0,0,0,19,66,14,NA,3,2022-09-25,26-235,SEA,home,ATL,L 23-27,14,66,4.7,0,5,NA,1-27,6.6000000000000005,4.6
Saquon Barkley,RB,DAL,13.211798064490129,29,0.45557924360310786,3,NYG,vs. DAL,2 out of 5 stars,A,16.5,63,45,4,Mon,3,2022-09-26,25-229,NYG,home,DAL,L 16-23,4,4,45,11.3,0,100,11.3,0,RB,1-2,11,81,14,NA,3,2022-09-26,25-229,NYG,home,DAL,L 16-23,14,81,5.8,1,2,NA,1-2,20.6,20.4
Rhamondre Stevenson,RB,BAL,7.293535393367439,15,0.48623569289116264,3,NE,vs. BAL,3 out of 5 stars,C,8.9,105,28,5,Sun,3,2022-09-25,24-214,NWE,home,BAL,L 26-37,5,4,28,7,0,80,5.6,1,RB,4-120,16,73,12,NA,3,2022-09-25,24-214,NWE,home,BAL,L 26-37,12,73,6.1,1,5,NA,4-120,18.1,4.6
Chase Edmonds,RB,BUF,8.059710126201434,14,0.5756935804429596,3,MIA,vs. BUF,3 out of 5 stars,C-,8.6,0,0,0,0,0,0,0,0,0,0,0,0,0,0,0,0,0,0,0,0,0,55,21,6,NA,3,2022-09-25,26-165,MIA,home,BUF,W 21-19,6,21,3.5,2,2,NA,4-134,14.1,6.6
Clyde Edwards Helaire,RB,IND,12.429169480576782,17,0.7311276165045166,3,KC,at IND,3 out of 5 stars,B,11.6,79,39,5,Sun,3,2022-09-25,23-167,KAN,away,IND,L 17-20,5,5,39,7.8,0,100,7.8,1,RB,1-32,107,0,7,NA,3,2022-09-25,23-167,KAN,away,IND,L 17-20,7,0,0,1,1,NA,1-32,12.4,17.4
Alexander Mattison,RB,DET,6.656184484453888,14,0.4754417488895634,3,MIN,vs. DET,5 out of 5 stars,F,4.6,147,16,1,Sun,3,2022-09-25,24-098,MIN,home,DET,W 28-24,1,1,16,16,0,100,16,0,RB,3-102,44,28,7,NA,3,2022-09-25,24-098,MIN,home,DET,W 28-24,7,28,4,1,2,NA,3-102,10.9,3.2
Jamaal Williams,RB,MIN,9.935937008234257,15,0.6623958005489503,3,DET,at MIN,4 out of 5 stars,C-,8.1,137,20,2,Sun,3,2022-09-25,27-175,DET,away,MIN,L 24-28,2,2,20,10,0,100,10,1,RB,4-134,9,87,20,NA,3,2022-09-25,27-175,DET,away,MIN,L 24-28,20,87,4.4,2,6,NA,4-134,23.700000000000003,11
Miles Sanders,RB,WAS,9.785864570363987,17,0.5756390923743522,3,PHI,at WAS,2 out of 5 stars,B,11.6,0,0,0,0,0,0,0,0,0,0,0,0,0,0,0,0,0,0,0,0,0,30,46,15,NA,3,2022-09-25,25-147,PHI,away,WAS,W 24-8,15,46,3.1,0,2,NA,2-53,4.6000000000000005,13.8
Christian McCaffrey,RB,NO,15.856591642492656,36,0.4404608789581293,3,CAR,vs. NO,1 out of 5 stars,A+,17.6,199,7,4,Sun,3,2022-09-25,26-110,CAR,home,NOR,W 22-14,4,2,7,3.5,0,50,1.8,0,RB,1-8,4,108,25,NA,3,2022-09-25,26-110,CAR,home,NOR,W 22-14,25,108,4.3,0,5,NA,1-8,12.5,14.2
Kenneth Gainwell,RB,WAS,6.56540461090033,13,0.50503112391541,3,PHI,at WAS,2 out of 5 stars,F,5.9,0,0,0,0,0,0,0,0,0,0,0,0,0,0,0,0,0,0,0,0,0,90,6,3,NA,3,2022-09-25,23-195,PHI,away,WAS,W 24-8,3,6,2,0,0,NA,5-150,0.6000000000000001,6.2
Kareem Hunt,RB,PIT,13.604691959063969,16,0.850293247441498,3,CLE,vs. PIT,3 out of 5 stars,C+,10.4,156,14,4,Thu,3,2022-09-22,27-047,CLE,home,PIT,W 29-17,4,3,14,4.7,0,75,3.5,1,RB,3-86,27,47,12,NA,3,2022-09-22,27-047,CLE,home,PIT,W 29-17,12,47,3.9,0,3,NA,3-86,7.6000000000000005,12.3
Boston Scott,RB,WAS,4.747905661587955,13,0.36522351242984274,3,PHI,at WAS,2 out of 5 stars,F,4.4,0,0,0,0,0,0,0,0,0,0,0,0,0,0,0,0,0,0,0,0,0,114,0,2,NA,3,2022-09-25,27-151,PHI,away,WAS,W 24-8,2,0,0,0,0,NA,6-201,0,4.8
J D McKissic,RB,PHI,9.476880927698854,15,0.6317920618465903,3,WAS,vs. PHI,4 out of 5 stars,D,7.6,91,32,9,Sun,3,2022-09-25,29-041,WAS,home,PHI,L 8-24,9,6,32,5.3,0,66.7,3.6,3,RB,0,81,8,3,NA,3,2022-09-25,29-041,WAS,home,PHI,L 8-24,3,8,2.7,0,0,NA,0,7,8
Brandon Bolden,RB,TEN,9.603648468152672,12,0.8003040390127226,3,LV,at TEN,2 out of 5 stars,F,2.7,0,0,0,0,0,0,0,0,0,0,0,0,0,0,0,0,0,0,0,0,0,61,17,3,NA,3,2022-09-25,32-242,LVR,away,TEN,L 22-24,3,17,5.7,0,1,NA,0,1.7000000000000002,9.8
Zack Moss,RB,MIA,5.936658960957596,11,0.5396962691779632,3,BUF,at MIA,3 out of 5 stars,F,4.9,0,0,0,0,0,0,0,0,0,0,0,0,0,0,0,0,0,0,0,0,0,29,46,4,NA,3,2022-09-25,24-284,BUF,away,MIA,L 19-21,4,46,11.5,0,1,NA,3-86,4.6000000000000005,3.2
Rex Burkhead,RB,CHI,7.526426460016099,11,0.6842205872741908,3,HOU,at CHI,3 out of 5 stars,F,6.4,132,21,5,Sun,3,2022-09-25,32-085,HOU,away,CHI,L 20-23,5,4,21,5.3,0,80,4.2,0,RB,6-190,75,9,3,NA,3,2022-09-25,32-085,HOU,away,CHI,L 20-23,3,9,3,0,0,NA,6-190,5,5.7
Nyheim Hines,RB,KC,6.591010029292251,13,0.5070007714840193,3,IND,vs. KC,3 out of 5 stars,D+,7.7,120,23,6,Sun,3,2022-09-25,25-317,IND,home,KAN,W 20-17,6,5,23,4.6,0,83.3,3.8,1,RB,4-104,84,7,3,NA,3,2022-09-25,25-317,IND,home,KAN,W 20-17,3,7,2.3,0,1,NA,4-104,5.500000000000001,7.1
Khalil Herbert,RB,HOU,7.056581915392904,15,0.47043879435952696,3,CHI,vs. HOU,4 out of 5 stars,D,7.3,170,12,2,Sun,3,2022-09-25,24-157,CHI,home,HOU,W 23-20,2,2,12,6,0,100,6,0,RB,6-217,1,157,20,NA,3,2022-09-25,24-157,CHI,home,HOU,W 23-20,20,157,7.9,2,8,NA,6-217,29.900000000000002,7.7
Dontrell Hilliard,RB,LV,18.452028432158297,13,1.419386802473715,3,TEN,vs. LV,3 out of 5 stars,F,3.3,100,30,1,Sun,3,2022-09-25,27-211,TEN,home,LVR,W 24-22,1,1,30,30,0,100,30,1,RB,0,66,14,2,NA,3,2022-09-25,27-211,TEN,home,LVR,W 24-22,2,14,7,0,0,NA,0,4.9,20.4
Jerick McKinnon,RB,IND,4.6269082070117165,12,0.385575683917643,3,KC,at IND,3 out of 5 stars,F,6.6,0,0,0,0,0,0,0,0,0,0,0,0,0,0,0,0,0,0,0,0,0,58,20,7,NA,3,2022-09-25,30-145,KAN,away,IND,L 17-20,7,20,2.9,0,0,NA,3-96,2,7.5
Eno Benjamin,RB,LAR,5.113858075778012,12,0.4261548396481677,3,ARI,vs. LAR,2 out of 5 stars,F,5.1,194,7,4,Sun,3,2022-09-25,23-165,ARI,home,LAR,L 12-20,4,2,7,3.5,0,50,1.8,0,RB,7-222,65,16,5,NA,3,2022-09-25,23-165,ARI,home,LAR,L 12-20,5,16,3.2,0,1,NA,7-222,3.3000000000000003,7.1
Breece Hall,RB,CIN,4.1348672367236725,14,0.2953476597659766,3,NYJ,vs. CIN,3 out of 5 stars,C,9,53,53,11,Sun,3,2022-09-25,21-117,NYJ,home,CIN,L 12-27,11,6,53,8.8,0,54.5,4.8,3,RB,2-36,36,39,8,NA,3,2022-09-25,21-117,NYJ,home,CIN,L 12-27,8,39,4.9,0,2,NA,2-36,12.200000000000001,9.8
Dameon Pierce,RB,CHI,4.918450081957163,15,0.3278966721304775,3,HOU,at CHI,3 out of 5 stars,C+,10.6,133,21,2,Sun,3,2022-09-25,22-218,HOU,away,CHI,L 20-23,2,2,21,10.5,0,100,10.5,1,RB,4-107,12,80,20,NA,3,2022-09-25,22-218,HOU,away,CHI,L 20-23,20,80,4,1,5,NA,4-107,17.1,6.3
Raheem Mostert,RB,BUF,2.7764916888431106,15,0.18509944592287403,3,MIA,vs. BUF,3 out of 5 stars,C-,7.8,0,0,0,0,0,0,0,0,0,0,0,0,0,0,0,0,0,0,0,0,0,74,11,8,NA,3,2022-09-25,30-169,MIA,home,BUF,W 21-19,8,11,1.4,0,2,NA,0,1.1,6.6
Isiah Pacheco,RB,IND,2.5153846153846153,12,0.20961538461538465,3,KC,at IND,3 out of 5 stars,F,3.6,0,0,0,0,0,0,0,0,0,0,0,0,0,0,0,0,0,0,0,0,0,76,9,3,NA,3,2022-09-25,22-207,KAN,away,IND,L 17-20,3,9,3,0,0,NA,7-251,0.9,6.4
Cam Akers,RB,ARI,2.294066153279166,15,0.15293774355194442,3,LAR,at ARI,2 out of 5 stars,C,9.4,0,0,0,0,0,0,0,0,0,0,0,0,0,0,0,0,0,0,0,0,0,20,61,12,NA,3,2022-09-25,23-095,LAR,away,ARI,W 20-12,12,61,5.1,1,3,NA,2-52,12.100000000000001,3.6
Tyler Allgeier,RB,SEA,1.5025773195876289,11,0.13659793814432988,3,ATL,at SEA,3 out of 5 stars,F,5.5,0,0,0,0,0,0,0,0,0,0,0,0,0,0,0,0,0,0,0,0,0,47,25,6,NA,3,2022-09-25,22-163,ATL,away,SEA,W 27-23,6,25,4.2,0,1,NA,5-151,2.5,3
Justice Hill,RB,NE,0.8513060569992124,11,0.07739145972720113,3,BAL,at NE,3 out of 5 stars,F,2.6,0,0,0,0,0,0,0,0,0,0,0,0,0,0,0,0,0,0,0,0,0,22,60,6,NA,3,2022-09-25,24-315,BAL,away,NWE,W 37-26,6,60,10,0,2,NA,4-113,6,1.8
J K Dobbins,RB,NE,0,17,0,3,BAL,at NE,3 out of 5 stars,D,5.6,145,17,2,Sun,3,2022-09-25,23-282,BAL,away,NWE,W 37-26,2,2,17,8.5,0,100,8.5,1,RB,2-55,50,23,7,NA,3,2022-09-25,23-282,BAL,away,NWE,W 37-26,7,23,3.3,0,0,NA,2-55,5,0
Mark Ingram II,RB,CAR,0,17,0,3,NO,at CAR,3 out of 5 stars,D-,7,NA,NA,NA,NA,NA,NA,NA,NA,NA,NA,NA,NA,NA,NA,NA,NA,NA,NA,NA,NA,NA,NA,NA,NA,NA,NA,NA,NA,NA,NA,NA,NA,NA,NA,NA,NA,NA,NA,NA,NA,3
Travis Etienne Jr,RB,LAC,0,14,0,3,JAC,at LAC,4 out of 5 stars,C,9,NA,NA,NA,NA,NA,NA,NA,NA,NA,NA,NA,NA,NA,NA,NA,NA,NA,NA,NA,NA,NA,NA,NA,NA,NA,NA,NA,NA,NA,NA,NA,NA,NA,NA,NA,NA,NA,NA,NA,NA,7.2
Darrell Henderson Jr,RB,ARI,0,20,0,3,LAR,at ARI,2 out of 5 stars,C+,10.3,NA,NA,NA,NA,NA,NA,NA,NA,NA,NA,NA,NA,NA,NA,NA,NA,NA,NA,NA,NA,NA,NA,NA,NA,NA,NA,NA,NA,NA,NA,NA,NA,NA,NA,NA,NA,NA,NA,NA,NA,10.2
Jeff Wilson Jr,RB,DEN,0,13,0,3,SF,at DEN,3 out of 5 stars,B-,10.7,NA,NA,NA,NA,NA,NA,NA,NA,NA,NA,NA,NA,NA,NA,NA,NA,NA,NA,NA,NA,NA,NA,NA,NA,NA,NA,NA,NA,NA,NA,NA,NA,NA,NA,NA,NA,NA,NA,NA,NA,7.6
Melvin Gordon III,RB,SF,0,15,0,3,DEN,vs. SF,2 out of 5 stars,C-,8.1,NA,NA,NA,NA,NA,NA,NA,NA,NA,NA,NA,NA,NA,NA,NA,NA,NA,NA,NA,NA,NA,NA,NA,NA,NA,NA,NA,NA,NA,NA,NA,NA,NA,NA,NA,NA,NA,NA,NA,NA,6
Mark Andrews,TE,NE,13.790461082787536,26,0.5304023493379822,3,BAL,at NE,3 out of 5 stars,A,13.7,16,89,13,Sun,3,2022-09-25,27-019,BAL,away,NWE,W 37-26,13,8,89,11.1,2,61.5,6.8,6,TE,3-86,0,0,0,0,0,0,0,0,0,0,0,0,0,0,0,0,0,0,24.9,14.4
Cooper Kupp,WR,ARI,25.045304976282445,40,0.6261326244070611,3,LAR,at ARI,3 out of 5 stars,A+,19.1,66,44,6,Sun,3,2022-09-25,29-102,LAR,away,ARI,W 20-12,6,4,44,11,0,66.7,7.3,3,WR,3-69,57,20,1,NA,3,2022-09-25,29-102,LAR,away,ARI,W 20-12,1,20,20,1,1,NA,3-69,14.4,25.8
Travis Kelce,TE,IND,12.61717389448503,33,0.3823386028631827,3,KC,at IND,3 out of 5 stars,A+,14.1,49,58,8,Sun,3,2022-09-25,32-355,KAN,away,IND,L 17-20,8,4,58,14.5,1,50,7.3,3,TE,3-63,105,1,1,NA,3,2022-09-25,32-355,KAN,away,IND,L 17-20,1,1,1,0,1,NA,3-63,13.9,14.9
Deebo Samuel,WR,DEN,7.842284946393525,22,0.356467497563342,3,SF,at DEN,2 out of 5 stars,A,13.4,34,73,8,Sun,3,2022-09-25,26-253,SFO,away,DEN,L 10-11,8,5,73,14.6,0,62.5,9.1,3,WR,2-36,92,6,5,NA,3,2022-09-25,26-253,SFO,away,DEN,L 10-11,5,6,1.2,0,0,NA,2-36,10.4,11.9
Dalton Schultz,TE,NYG,7.068258390609197,15,0.4712172260406131,3,DAL,at NYG,2 out of 5 stars,F,3.4,NA,NA,NA,NA,NA,NA,NA,NA,NA,NA,NA,NA,NA,NA,NA,NA,NA,NA,NA,NA,NA,NA,NA,NA,NA,NA,NA,NA,NA,NA,NA,NA,NA,NA,NA,NA,NA,NA,NA,NA,5.2
Ja Marr Chase,WR,NYJ,15.22645212009644,32,0.47582662875301374,3,CIN,at NYJ,4 out of 5 stars,A+,15.8,101,29,10,Sun,3,2022-09-25,22-208,CIN,away,NYJ,W 27-12,10,6,29,4.8,1,60,2.9,2,WR,1-5,123,-2,2,NA,3,2022-09-25,22-208,CIN,away,NYJ,W 27-12,2,-2,-1,0,0,NA,1-5,11.7,16.1
George Kittle,TE,DEN,5.423096881934042,25,0.2169238752773617,3,SF,at DEN,3 out of 5 stars,B-,6.5,104,28,5,Sun,3,2022-09-25,28-351,SFO,away,DEN,L 10-11,5,4,28,7,0,80,5.6,0,TE,5-146,0,0,0,0,0,0,0,0,0,0,0,0,0,0,0,0,0,0,4.800000000000001,10.5
Justin Jefferson,WR,DET,18.95309043345338,38,0.49876553772245735,3,MIN,vs. DET,2 out of 5 stars,A+,18.6,157,14,6,Sun,3,2022-09-25,23-101,MIN,home,DET,W 28-24,6,3,14,4.7,0,50,2.3,0,WR,1-22,0,0,0,0,0,0,0,0,0,0,0,0,0,0,0,0,0,0,2.9000000000000004,21.3
Davante Adams,WR,TEN,17.487306495749497,35,0.4996373284499856,3,LV,at TEN,4 out of 5 stars,A+,16.2,84,36,10,Sun,3,2022-09-25,29-275,LVR,away,TEN,L 22-24,10,5,36,7.2,1,50,3.6,2,WR,2-53,127,-4,1,NA,3,2022-09-25,29-275,LVR,away,TEN,L 22-24,1,-4,-4,0,0,NA,2-53,11.7,16.6
Dawson Knox,TE,MIA,5.807963223510949,16,0.36299770146943433,3,BUF,at MIA,4 out of 5 stars,C,7.0,116,25,4,Sun,3,2022-09-25,25-315,BUF,away,MIA,L 19-21,4,4,25,6.3,0,100,6.3,1,TE,3-96,0,0,0,0,0,0,0,0,0,0,0,0,0,0,0,0,0,0,4.5,3.6
Hunter Henry,TE,BAL,6.107489781086018,12,0.5089574817571682,3,NE,vs. BAL,3 out of 5 stars,D-,5.9,191,8,1,Sun,3,2022-09-25,27-292,NWE,home,BAL,L 26-37,1,1,8,8,0,100,8,1,TE,2-35,0,0,0,0,0,0,0,0,0,0,0,0,0,0,0,0,0,0,1.3,1.5
Tyreek Hill,WR,BUF,14.179641605202136,28,0.506415771614362,3,MIA,vs. BUF,2 out of 5 stars,A,13.9,89,33,4,Sun,3,2022-09-25,28-208,MIA,home,BUF,W 21-19,4,2,33,16.5,0,50,8.3,2,WR,5-165,0,0,0,0,0,0,0,0,0,0,0,0,0,0,0,0,0,0,4.300000000000001,25.2
Dallas Goedert,TE,WAS,9.723942585057577,19,0.5117864518451356,3,PHI,at WAS,3 out of 5 stars,B+,8.9,111,26,4,Sun,3,2022-09-25,27-265,PHI,away,WAS,W 24-8,4,3,26,8.7,1,75,6.5,1,TE,2-49,0,0,0,0,0,0,0,0,0,0,0,0,0,0,0,0,0,0,10.1,9.1
Stefon Diggs,WR,MIA,19.512927472107233,31,0.6294492732937818,3,BUF,at MIA,3 out of 5 stars,A+,16.1,31,74,11,Sun,3,2022-09-25,28-300,BUF,away,MIA,L 19-21,11,7,74,10.6,0,63.6,6.7,4,WR,5-146,0,0,0,0,0,0,0,0,0,0,0,0,0,0,0,0,0,0,10.9,30.5
Kyle Pitts,TE,SEA,6.419330982432392,20,0.3209665491216196,3,ATL,at SEA,5 out of 5 stars,B+,9.4,21,87,8,Sun,3,2022-09-25,21-354,ATL,away,SEA,W 27-23,8,5,87,17.4,0,62.5,10.9,5,TE,1-4,0,0,0,0,0,0,0,0,0,0,0,0,0,0,0,0,0,0,11.200000000000001,2.9
Mike Williams,WR,JAX,10.956009423887496,26,0.4213849778418268,3,LAC,vs. JAC,4 out of 5 stars,A-,11.8,154,15,6,Sun,3,2022-09-25,27-356,LAC,home,JAX,L 10-38,6,1,15,15,1,16.7,2.5,1,WR,1-7,0,0,0,0,0,0,0,0,0,0,0,0,0,0,0,0,0,0,8,11.6
Zach Ertz,TE,LAR,9.567142011681238,15,0.6378094674454159,3,ARI,vs. LAR,2 out of 5 stars,B,8.6,64,45,10,Sun,3,2022-09-25,31-319,ARI,home,LAR,L 12-20,10,6,45,7.5,0,60,4.5,2,TE,2-35,0,0,0,0,0,0,0,0,0,0,0,0,0,0,0,0,0,0,7.5,11
Mike Gesicki,TE,BUF,5.790845687402099,11,0.5264405170365545,3,MIA,vs. BUF,2 out of 5 stars,D-,5.8,NA,NA,NA,NA,NA,NA,NA,NA,NA,NA,NA,NA,NA,NA,NA,NA,NA,NA,NA,NA,NA,NA,NA,NA,NA,NA,NA,NA,NA,NA,NA,NA,NA,NA,NA,NA,NA,NA,NA,NA,6.4
Tyler Lockett,WR,ATL,12.360786403883408,16,0.772549150242713,3,SEA,vs. ATL,4 out of 5 stars,B-,9.5,29,76,11,Sun,3,2022-09-25,29-362,SEA,home,ATL,L 23-27,11,9,76,8.4,0,81.8,6.9,3,WR,3-69,0,0,0,0,0,0,0,0,0,0,0,0,0,0,0,0,0,0,12.100000000000001,9.8
Pat Freiermuth,TE,CLE,9.567134442111277,17,0.5627726142418398,3,PIT,at CLE,3 out of 5 stars,B,8.1,73,41,4,Thu,3,2022-09-22,23-332,PIT,away,CLE,L 17-29,4,2,41,20.5,0,50,10.3,2,TE,2-55,0,0,0,0,0,0,0,0,0,0,0,0,0,0,0,0,0,0,5.1000000000000005,8.4
Diontae Johnson,WR,CLE,12.02756405080473,19,0.6330296868844595,3,PIT,at CLE,3 out of 5 stars,B+,10.7,26,84,11,Thu,3,2022-09-22,26-079,PIT,away,CLE,L 17-29,11,8,84,10.5,0,72.7,7.6,4,WR,3-66,0,0,0,0,0,0,0,0,0,0,0,0,0,0,0,0,0,0,12.4,10.7
Noah Fant,TE,ATL,5.648032830377297,13,0.4344640638751767,3,SEA,vs. ATL,5 out of 5 stars,F,4.6,107,27,4,Sun,3,2022-09-25,24-309,SEA,home,ATL,L 23-27,4,4,27,6.8,0,100,6.8,1,TE,1-20,0,0,0,0,0,0,0,0,0,0,0,0,0,0,0,0,0,0,4.7,2.6
Tyler Higbee,TE,ARI,8.155241014522337,18,0.453068945251241,3,LAR,at ARI,2 out of 5 stars,B,8.8,42,61,4,Sun,3,2022-09-25,29-267,LAR,away,ARI,W 20-12,4,4,61,15.3,0,100,15.3,2,TE,4-110,0,0,0,0,0,0,0,0,0,0,0,0,0,0,0,0,0,0,8.100000000000001,8.5
CeeDee Lamb,WR,NYG,9.088598141504804,19,0.478347270605516,3,DAL,at NYG,4 out of 5 stars,A-,10.9,20,87,12,Mon,3,2022-09-26,23-171,DAL,away,NYG,W 23-16,12,8,87,10.9,1,66.7,7.3,6,WR,1-17,0,0,0,0,0,0,0,0,0,0,0,0,0,0,0,0,0,0,18.700000000000003,7.8
Keenan Allen,WR,JAX,9.457723801934945,24,0.3940718250806226,3,LAC,vs. JAC,4 out of 5 stars,C,6,NA,NA,NA,NA,NA,NA,NA,NA,NA,NA,NA,NA,NA,NA,NA,NA,NA,NA,NA,NA,NA,NA,NA,NA,NA,NA,NA,NA,NA,NA,NA,NA,NA,NA,NA,NA,NA,NA,NA,NA,8.6
T J Hockenson,TE,MIN,7.870089076429307,16,0.4918805672768317,3,DET,at MIN,2 out of 5 stars,B-,8.0,141,18,4,Sun,3,2022-09-25,25-084,DET,away,MIN,L 24-28,4,3,18,6,1,75,4.5,1,TE,1-8,0,0,0,0,0,0,0,0,0,0,0,0,0,0,0,0,0,0,9.3,4.9
Michael Pittman Jr,WR,KC,23.637772182750197,26,0.9091450839519306,3,IND,vs. KC,3 out of 5 stars,A-,11.2,37,72,9,Sun,3,2022-09-25,24-355,IND,home,KAN,W 20-17,9,8,72,9,0,88.9,8,4,WR,2-34,0,0,0,0,0,0,0,0,0,0,0,0,0,0,0,0,0,0,11.2,22.6
C J Uzomah,TE,CIN,3.600075533249165,12,0.30000629443743043,3,NYJ,vs. CIN,4 out of 5 stars,F,1.4,NA,NA,NA,NA,NA,NA,NA,NA,NA,NA,NA,NA,NA,NA,NA,NA,NA,NA,NA,NA,NA,NA,NA,NA,NA,NA,NA,NA,NA,NA,NA,NA,NA,NA,NA,NA,NA,NA,NA,NA,6.6
Tee Higgins,WR,NYJ,11.291418478585609,21,0.5376865942183623,3,CIN,at NYJ,4 out of 5 stars,A,12.3,14,93,7,Sun,3,2022-09-25,23-250,CIN,away,NYJ,W 27-12,7,5,93,18.6,0,71.4,13.3,4,WR,2-33,0,0,0,0,0,0,0,0,0,0,0,0,0,0,0,0,0,0,11.8,9.9
Darren Waller,TE,TEN,10.845628545473067,22,0.4929831157033213,3,LV,at TEN,2 out of 5 stars,A,10.3,131,22,5,Sun,3,2022-09-25,30-012,LVR,away,TEN,L 22-24,5,3,22,7.3,0,60,4.4,1,TE,6-204,0,0,0,0,0,0,0,0,0,0,0,0,0,0,0,0,0,0,3.7,12
Tyler Conklin,TE,CIN,5.855914703422558,13,0.4504549771863506,3,NYJ,vs. CIN,4 out of 5 stars,D,6.2,25,84,8,Sun,3,2022-09-25,27-057,NYJ,home,CIN,L 12-27,8,8,84,10.5,0,100,10.5,3,TE,5-157,0,0,0,0,0,0,0,0,0,0,0,0,0,0,0,0,0,0,12.4,8.2
Brandin Cooks,WR,CHI,10.502847221691807,16,0.6564279513557381,3,HOU,at CHI,3 out of 5 stars,A-,11.3,125,22,7,Sun,3,2022-09-25,29-000,HOU,away,CHI,L 20-23,7,2,22,11,0,28.6,3.1,1,WR,1-20,0,0,0,0,0,0,0,0,0,0,0,0,0,0,0,0,0,0,3.2,9.6
Jaylen Waddle,WR,BUF,13.456634292585363,25,0.5382653717034145,3,MIA,vs. BUF,2 out of 5 stars,A,12.4,9,102,6,Sun,3,2022-09-25,23-304,MIA,home,BUF,W 21-19,6,4,102,25.5,0,66.7,17,4,WR,1-6,77,9,1,NA,3,2022-09-25,23-304,MIA,home,BUF,W 21-19,1,9,9,0,0,NA,1-6,13.100000000000001,25.2
Gerald Everett,TE,JAX,7.860515032838792,15,0.5240343355225862,3,LAC,vs. JAC,3 out of 5 stars,C+,7.7,115,25,6,Sun,3,2022-09-25,28-092,LAC,home,JAX,L 10-38,6,2,25,12.5,0,33.3,4.2,1,TE,2-44,0,0,0,0,0,0,0,0,0,0,0,0,0,0,0,0,0,0,3.5,11.5
Darnell Mooney,WR,HOU,6.7384800087521395,14,0.4813200006251528,3,CHI,vs. HOU,4 out of 5 stars,C+,9,121,23,6,Sun,3,2022-09-25,24-331,CHI,home,HOU,W 23-20,6,2,23,11.5,0,33.3,3.8,1,WR,5-173,0,0,0,0,0,0,0,0,0,0,0,0,0,0,0,0,0,0,3.3000000000000003,0.7
Amon Ra St Brown,WR,MIN,16.0804368193097,29,0.5544978213555068,3,DET,at MIN,4 out of 5 stars,A,13.9,35,73,9,Sun,3,2022-09-25,22-336,DET,away,MIN,L 24-28,9,6,73,12.2,0,66.7,8.1,4,WR,4-112,0,0,0,0,0,0,0,0,0,0,0,0,0,0,0,0,0,0,10.3,25.6
Evan Engram,TE,LAC,6.427937158731643,12,0.5356614298943035,3,JAC,at LAC,4 out of 5 stars,D+,6.4,187,9,3,Sun,3,2022-09-25,28-023,JAX,away,LAC,W 38-10,3,1,9,9,0,33.3,3,1,TE,1-23,108,0,1,NA,3,2022-09-25,28-023,JAX,away,LAC,W 38-10,1,0,0,0,0,NA,1-23,1.4,6.4
Terry McLaurin,WR,PHI,10.01340237508171,22,0.45515465341280503,3,WAS,vs. PHI,3 out of 5 stars,B+,10.2,8,102,9,Sun,3,2022-09-25,27-010,WAS,home,PHI,L 8-24,9,6,102,17,0,66.7,11.3,4,WR,3-76,0,0,0,0,0,0,0,0,0,0,0,0,0,0,0,0,0,0,13.200000000000001,11.5
Marquise Brown,WR,LAR,11.301818482502371,19,0.5948325517106511,3,ARI,vs. LAR,3 out of 5 stars,A-,11.1,5,140,17,Sun,3,2022-09-25,25-113,ARI,home,LAR,L 12-20,17,14,140,10,0,82.4,8.2,7,WR,1-25,0,0,0,0,0,0,0,0,0,0,0,0,0,0,0,0,0,0,21,11
Austin Hooper,TE,LV,3.5363893788012835,12,0.294699114900107,3,TEN,vs. LV,3 out of 5 stars,F,5.6,138,19,2,Sun,3,2022-09-25,27-331,TEN,home,LVR,W 24-22,2,2,19,9.5,0,100,9.5,1,TE,3-81,0,0,0,0,0,0,0,0,0,0,0,0,0,0,0,0,0,0,2.9000000000000004,1.8
Amari Cooper,WR,PIT,14.343383086948574,22,0.6519719584976624,3,CLE,vs. PIT,3 out of 5 stars,B-,9.8,10,101,11,Thu,3,2022-09-22,28-097,CLE,home,PIT,W 29-17,11,7,101,14.4,1,63.6,9.2,4,WR,1-4,0,0,0,0,0,0,0,0,0,0,0,0,0,0,0,0,0,0,19.6,14.5
Adam Thielen,WR,DET,9.432822052093218,16,0.5895513782558262,3,MIN,vs. DET,2 out of 5 stars,B-,9.4,44,61,8,Sun,3,2022-09-25,32-034,MIN,home,DET,W 28-24,8,6,61,10.2,1,75,7.6,6,WR,0,0,0,0,0,0,0,0,0,0,0,0,0,0,0,0,0,0,0,15.100000000000001,6.2
Christian Kirk,WR,LAC,15.890257190265242,18,0.8827920661258468,3,JAC,at LAC,2 out of 5 stars,A,11.3,36,72,9,Sun,3,2022-09-25,25-311,JAX,away,LAC,W 38-10,9,6,72,12,1,66.7,8,4,WR,2-47,0,0,0,0,0,0,0,0,0,0,0,0,0,0,0,0,0,0,16.2,18.8
DeVonta Smith,WR,WAS,8.11148978297277,17,0.47714645782192766,3,PHI,at WAS,3 out of 5 stars,C+,9.1,1,169,12,Sun,3,2022-09-25,23-315,PHI,away,WAS,W 24-8,12,8,169,21.1,1,66.7,14.1,7,WR,1-10,0,0,0,0,0,0,0,0,0,0,0,0,0,0,0,0,0,0,26.900000000000002,5.8
A J Brown,WR,WAS,13.887336711918437,28,0.49597631113994417,3,PHI,at WAS,3 out of 5 stars,A,15.5,22,85,10,Sun,3,2022-09-25,25-087,PHI,away,WAS,W 24-8,10,5,85,17,1,50,8.5,5,WR,2-51,0,0,0,0,0,0,0,0,0,0,0,0,0,0,0,0,0,0,17,15
Tyler Boyd,WR,NYJ,8.545876161332059,12,0.7121563467776716,3,CIN,at NYJ,4 out of 5 stars,C-,7.9,6,105,5,Sun,3,2022-09-25,27-314,CIN,away,NYJ,W 27-12,5,4,105,26.3,1,80,21,4,WR,2-55,0,0,0,0,0,0,0,0,0,0,0,0,0,0,0,0,0,0,18.5,8
Brandon Aiyuk,WR,DEN,7.539045826259672,12,0.6282538188549727,3,SF,at DEN,2 out of 5 stars,B-,9.8,78,39,8,Sun,3,2022-09-25,24-192,SFO,away,DEN,L 10-11,8,3,39,13,1,37.5,4.9,3,WR,1-25,0,0,0,0,0,0,0,0,0,0,0,0,0,0,0,0,0,0,11.4,7.2
K J Osborn,WR,DET,5.960143210897958,11,0.5418312009907235,3,MIN,vs. DET,2 out of 5 stars,D,7.2,33,73,8,Sun,3,2022-09-25,25-107,MIN,home,DET,W 28-24,8,5,73,14.6,1,62.5,9.1,3,WR,5-176,0,0,0,0,0,0,0,0,0,0,0,0,0,0,0,0,0,0,15.8,3.2
Chase Claypool,WR,CLE,6.693424570709182,14,0.4781017550506559,3,PIT,at CLE,3 out of 5 stars,C,8.3,86,35,6,Thu,3,2022-09-22,24-077,PIT,away,CLE,L 17-29,6,3,35,11.7,0,50,5.8,2,WR,2-49,72,11,1,NA,3,2022-09-22,24-077,PIT,away,CLE,L 17-29,1,11,11,0,1,NA,2-49,6.1,6
Hayden Hurst,TE,NYJ,5.019954964300514,12,0.4183295803583762,3,CIN,at NYJ,4 out of 5 stars,D+,6.6,198,7,2,Sun,3,2022-09-25,29-032,CIN,away,NYJ,W 27-12,2,1,7,7,0,50,3.5,1,TE,1-25,0,0,0,0,0,0,0,0,0,0,0,0,0,0,0,0,0,0,1.2000000000000002,6
Jakobi Meyers,WR,BAL,11.821758590816728,15,0.7881172393877819,3,NE,vs. BAL,4 out of 5 stars,C+,9,NA,NA,NA,NA,NA,NA,NA,NA,NA,NA,NA,NA,NA,NA,NA,NA,NA,NA,NA,NA,NA,NA,NA,NA,NA,NA,NA,NA,NA,NA,NA,NA,NA,NA,NA,NA,NA,NA,NA,NA,11.1
A J Green,WR,LAR,5.673586222972177,11,0.5157805657247434,3,ARI,vs. LAR,3 out of 5 stars,F,5.9,NA,NA,NA,NA,NA,NA,NA,NA,NA,NA,NA,NA,NA,NA,NA,NA,NA,NA,NA,NA,NA,NA,NA,NA,NA,NA,NA,NA,NA,NA,NA,NA,NA,NA,NA,NA,NA,NA,NA,NA,3.7
Allen Lazard,WR,TB,7.186217020652567,16,0.44913856379078543,3,GB,at TB,2 out of 5 stars,C,8.9,65,45,6,Sun,3,2022-09-25,26-288,GNB,away,TAM,W 14-12,6,4,45,11.3,1,66.7,7.5,4,WR,0,0,0,0,0,0,0,0,0,0,0,0,0,0,0,0,0,0,0,12.5,8.3
Logan Thomas,TE,PHI,7.67286323749388,15,0.5115242158329253,3,WAS,vs. PHI,4 out of 5 stars,C-,6.8,NA,NA,NA,NA,NA,NA,NA,NA,NA,NA,NA,NA,NA,NA,NA,NA,NA,NA,NA,NA,NA,NA,NA,NA,NA,NA,NA,NA,NA,NA,NA,NA,NA,NA,NA,NA,NA,NA,NA,NA,8.6
Russell Gage,WR,GB,6.161533603113827,13,0.4739641233164482,3,TB,vs. GB,2 out of 5 stars,C,8.5,19,87,13,Sun,3,2022-09-25,26-246,TAM,home,GNB,L 12-14,13,12,87,7.3,1,92.3,6.7,5,WR,6-194,0,0,0,0,0,0,0,0,0,0,0,0,0,0,0,0,0,0,20.700000000000003,3.8
Elijah Moore,WR,CIN,8.714271119958624,13,0.670328547689125,3,NYJ,vs. CIN,3 out of 5 stars,C+,9.4,55,49,9,Sun,3,2022-09-25,22-182,NYJ,home,CIN,L 12-27,9,4,49,12.3,0,44.4,5.4,3,WR,2-34,0,0,0,0,0,0,0,0,0,0,0,0,0,0,0,0,0,0,6.9,6.2
Courtland Sutton,WR,SF,8.506009632358055,19,0.4476847174925292,3,DEN,vs. SF,3 out of 5 stars,A,12.1,12,97,10,Sun,3,2022-09-25,26-350,DEN,home,SFO,W 11-10,10,8,97,12.1,0,80,9.7,5,WR,2-40,0,0,0,0,0,0,0,0,0,0,0,0,0,0,0,0,0,0,13.700000000000001,12.7
Robert Woods,WR,LV,8.599203947377227,15,0.5732802631584818,3,TEN,vs. LV,4 out of 5 stars,C-,7.6,24,85,9,Sun,3,2022-09-25,30-168,TEN,home,LVR,W 24-22,9,4,85,21.3,0,44.4,9.4,3,WR,2-41,0,0,0,0,0,0,0,0,0,0,0,0,0,0,0,0,0,0,10.5,3.8
Robert Tonyan,TE,TB,4.439681377485405,13,0.34151395211426194,3,GB,at TB,3 out of 5 stars,D,6.0,83,37,7,Sun,3,2022-09-25,28-148,GNB,away,TAM,W 14-12,7,6,37,6.2,0,85.7,5.3,1,TE,0,0,0,0,0,0,0,0,0,0,0,0,0,0,0,0,0,0,0,6.7,3.6
Will Dissly,TE,ATL,6.011167920307523,13,0.4623975323313479,3,SEA,vs. ATL,5 out of 5 stars,F,3.8,88,34,3,Sun,3,2022-09-25,26-079,SEA,home,ATL,L 23-27,3,3,34,11.3,1,100,11.3,2,TE,4-120,0,0,0,0,0,0,0,0,0,0,0,0,0,0,0,0,0,0,10.9,6.4
Mecole Hardman,WR,IND,6.680284479634585,12,0.5566903733028821,3,KC,at IND,3 out of 5 stars,C-,7.7,NA,NA,NA,NA,NA,NA,NA,NA,NA,NA,NA,NA,NA,NA,NA,NA,NA,NA,NA,NA,NA,NA,NA,NA,NA,NA,NA,NA,NA,NA,NA,NA,NA,NA,NA,NA,NA,NA,NA,NA,7.6
Jarvis Landry,WR,CAR,8.103199902876412,12,0.6752666585730344,3,NO,at CAR,4 out of 5 stars,C,8.4,128,22,5,Sun,3,2022-09-25,29-301,NOR,away,CAR,L 14-22,5,2,22,11,0,40,4.4,1,WR,2-63,0,0,0,0,0,0,0,0,0,0,0,0,0,0,0,0,0,0,3.2,9.7
O J Howard,TE,CHI,5.354898967130099,11,0.4868089970118272,3,HOU,at CHI,3 out of 5 stars,F,3.8,NA,NA,NA,NA,NA,NA,NA,NA,NA,NA,NA,NA,NA,NA,NA,NA,NA,NA,NA,NA,NA,NA,NA,NA,NA,NA,NA,NA,NA,NA,NA,NA,NA,NA,NA,NA,NA,NA,NA,NA,9
Corey Davis,WR,CIN,10.75369554620379,14,0.7681211104431279,3,NYJ,vs. CIN,3 out of 5 stars,C-,8,106,27,5,Sun,3,2022-09-25,27-257,NYJ,home,CIN,L 12-27,5,2,27,13.5,0,40,5.4,1,WR,1-5,0,0,0,0,0,0,0,0,0,0,0,0,0,0,0,0,0,0,3.7,13
Nelson Agholor,WR,BAL,12.274705626307776,12,1.022892135525648,3,NE,vs. BAL,4 out of 5 stars,D,7.4,71,41,3,Sun,3,2022-09-25,29-124,NWE,home,BAL,L 26-37,3,2,41,20.5,0,66.7,13.7,1,WR,1-20,0,0,0,0,0,0,0,0,0,0,0,0,0,0,0,0,0,0,5.1000000000000005,11.2
DeAndre Carter,WR,JAX,6.382371305460327,15,0.4254914203640218,3,LAC,vs. JAC,4 out of 5 stars,F,5.5,95,31,4,Sun,3,2022-09-25,29-168,LAC,home,JAX,L 10-38,4,3,31,10.3,0,75,7.8,2,WR,0,128,-5,1,NA,3,2022-09-25,29-168,LAC,home,JAX,L 10-38,1,-5,-5,0,0,NA,0,4.1,10.4
Marquez Valdes Scantling,WR,IND,5.391627955323629,12,0.4493023296103024,3,KC,at IND,3 out of 5 stars,C,8.3,61,48,7,Sun,3,2022-09-25,27-350,KAN,away,IND,L 17-20,7,4,48,12,0,57.1,6.9,3,WR,5-174,0,0,0,0,0,0,0,0,0,0,0,0,0,0,0,0,0,0,6.800000000000001,4.2
Zay Jones,WR,LAC,6.212916265828376,11,0.5648105696207615,3,JAC,at LAC,2 out of 5 stars,D+,7.5,23,85,11,Sun,3,2022-09-25,27-179,JAX,away,LAC,W 38-10,11,10,85,8.5,1,90.9,7.7,5,WR,2-37,111,0,1,NA,3,2022-09-25,27-179,JAX,away,LAC,W 38-10,1,0,0,0,0,NA,2-37,19.5,6.6
Rashod Bateman,WR,NE,10.111143666665347,19,0.5321654561402814,3,BAL,at NE,2 out of 5 stars,B+,10.3,46,59,4,Sun,3,2022-09-25,22-300,BAL,away,NWE,W 37-26,4,2,59,29.5,0,50,14.8,1,WR,1-27,0,0,0,0,0,0,0,0,0,0,0,0,0,0,0,0,0,0,6.9,15.9
Michael Gallup,WR,NYG,3.815294964607464,14,0.2725210689005332,3,DAL,at NYG,4 out of 5 stars,F,5.3,NA,NA,NA,NA,NA,NA,NA,NA,NA,NA,NA,NA,NA,NA,NA,NA,NA,NA,NA,NA,NA,NA,NA,NA,NA,NA,NA,NA,NA,NA,NA,NA,NA,NA,NA,NA,NA,NA,NA,NA,8.2
Devin Duvernay,WR,NE,6.772707677255154,15,0.4515138451503436,3,BAL,at NE,2 out of 5 stars,F,6.9,114,25,2,Sun,3,2022-09-25,25-013,BAL,away,NWE,W 37-26,2,2,25,12.5,1,100,12.5,2,WR,3-92,124,-2,2,NA,3,2022-09-25,25-013,BAL,away,NWE,W 37-26,2,-2,-1,0,0,NA,3-92,9.3,15.3
Julio Jones,WR,GB,6.642099602318121,15,0.44280664015454135,3,TB,vs. GB,2 out of 5 stars,D+,6.7,NA,NA,NA,NA,NA,NA,NA,NA,NA,NA,NA,NA,NA,NA,NA,NA,NA,NA,NA,NA,NA,NA,NA,NA,NA,NA,NA,NA,NA,NA,NA,NA,NA,NA,NA,NA,NA,NA,NA,NA,10.1
Jerry Jeudy,WR,SF,7.966745597009253,17,0.4686320939417208,3,DEN,vs. SF,3 out of 5 stars,C+,9.2,146,17,6,Sun,3,2022-09-25,23-154,DEN,home,SFO,W 11-10,6,2,17,8.5,0,33.3,2.8,1,WR,1-15,0,0,0,0,0,0,0,0,0,0,0,0,0,0,0,0,0,0,2.7,10
Sterling Shepard,WR,DAL,10.095516693738036,13,0.7765782072106181,3,NYG,vs. DAL,3 out of 5 stars,C,8.5,56,49,10,Mon,3,2022-09-26,29-228,NYG,home,DAL,L 16-23,10,5,49,9.8,0,50,4.9,2,WR,2-40,0,0,0,0,0,0,0,0,0,0,0,0,0,0,0,0,0,0,7.4,10.2
Ashton Dulin,WR,KC,5.718755395603649,11,0.5198868541457863,3,IND,vs. KC,3 out of 5 stars,F,5.8,196,7,1,Sun,3,2022-09-25,25-133,IND,home,KAN,W 20-17,1,1,7,7,0,100,7,1,WR,0,0,0,0,0,0,0,0,0,0,0,0,0,0,0,0,0,0,0,1.2000000000000002,8.4
Isaiah McKenzie,WR,MIA,4.19706537036948,14,0.29979038359782,3,BUF,at MIA,3 out of 5 stars,D-,7.1,30,76,9,Sun,3,2022-09-25,27-169,BUF,away,MIA,L 19-21,9,7,76,10.9,1,77.8,8.4,4,WR,5-172,91,6,1,NA,3,2022-09-25,27-169,BUF,away,MIA,L 19-21,1,6,6,0,1,NA,5-172,17.700000000000003,6.8
Breshad Perriman,WR,GB,5.574918465207228,13,0.4288398819390175,3,TB,vs. GB,2 out of 5 stars,D-,6,69,44,4,Sun,3,2022-09-25,29-015,TAM,home,GNB,L 12-14,4,3,44,14.7,0,75,11,1,WR,1-26,113,0,1,NA,3,2022-09-25,29-015,TAM,home,GNB,L 12-14,1,0,0,0,0,NA,1-26,5.9,5.6
Curtis Samuel,WR,PHI,6.13614404077077,18,0.3408968911539316,3,WAS,vs. PHI,3 out of 5 stars,B,10.1,60,48,10,Sun,3,2022-09-25,26-045,WAS,home,PHI,L 8-24,10,7,48,6.9,0,70,4.8,2,WR,2-40,69,13,3,NA,3,2022-09-25,26-045,WAS,home,PHI,L 8-24,3,13,4.3,0,1,NA,2-40,9.600000000000001,17.3
Drake London,WR,SEA,7.941928651449377,17,0.4671722736146692,3,ATL,at SEA,2 out of 5 stars,B+,10.6,52,54,6,Sun,3,2022-09-25,21-063,ATL,away,SEA,W 27-23,6,3,54,18,1,50,9,3,WR,1-8,0,0,0,0,0,0,0,0,0,0,0,0,0,0,0,0,0,0,12.9,15.2
Noah Brown,WR,NYG,8.091795905707196,11,0.7356178096097451,3,DAL,at NYG,4 out of 5 stars,D+,7.4,51,54,7,Mon,3,2022-09-26,26-263,DAL,away,NYG,W 23-16,7,5,54,10.8,0,71.4,7.7,3,WR,7-239,0,0,0,0,0,0,0,0,0,0,0,0,0,0,0,0,0,0,7.9,13.5
Garrett Wilson,WR,CIN,6.584261551155116,15,0.4389507700770077,3,NYJ,vs. CIN,3 out of 5 stars,B-,9.9,45,60,11,Sun,3,2022-09-25,22-065,NYJ,home,CIN,L 12-27,11,6,60,10,0,54.5,5.5,3,WR,1-10,0,0,0,0,0,0,0,0,0,0,0,0,0,0,0,0,0,0,9,16.6
Robbie Anderson,WR,NO,5.442336309523809,13,0.41864125457875456,3,CAR,vs. NO,4 out of 5 stars,C,8.1,155,14,4,Sun,3,2022-09-25,29-139,CAR,home,NOR,W 22-14,4,1,14,14,0,25,3.5,1,WR,0,0,0,0,0,0,0,0,0,0,0,0,0,0,0,0,0,0,0,1.9000000000000001,10.7
Michael Thomas,WR,CAR,7.570484539969835,23,0.3291515017378189,3,NO,at CAR,4 out of 5 stars,A-,11.2,57,49,5,Sun,3,2022-09-25,29-206,NOR,away,CAR,L 14-22,5,5,49,9.8,0,100,9.8,3,WR,2-47,0,0,0,0,0,0,0,0,0,0,0,0,0,0,0,0,0,0,7.4,17.8
Chris Olave,WR,CAR,2.955750377073907,15,0.19705002513826045,3,NO,at CAR,4 out of 5 stars,C+,9,4,147,13,Sun,3,2022-09-25,22-090,NOR,away,CAR,L 14-22,13,9,147,16.3,0,69.2,11.3,5,WR,1-11,0,0,0,0,0,0,0,0,0,0,0,0,0,0,0,0,0,0,19.200000000000003,8
Greg Dortch,WR,LAR,6.220991091314032,14,0.4443565065224308,3,ARI,vs. LAR,3 out of 5 stars,C-,7.6,27,80,10,Sun,3,2022-09-25,24-119,ARI,home,LAR,L 12-20,10,9,80,8.9,0,90,8,4,WR,0,0,0,0,0,0,0,0,0,0,0,0,0,0,0,0,0,0,0,12.5,11.6
Treylon Burks,WR,LV,4.368405454088473,12,0.36403378784070606,3,TEN,vs. LV,4 out of 5 stars,C,8.6,163,13,2,Sun,3,2022-09-25,22-186,TEN,home,LVR,W 24-22,2,1,13,13,0,50,6.5,1,WR,1-18,79,8,1,NA,3,2022-09-25,22-186,TEN,home,LVR,W 24-22,1,8,8,0,0,NA,1-18,2.6,6.8
Taysom Hill,TE,CAR,0.15655165912518854,16,0.00978447869532428,3,NO,at CAR,3 out of 5 stars,F,4.5,NA,NA,NA,NA,NA,NA,NA,NA,NA,NA,NA,NA,NA,NA,NA,NA,NA,NA,NA,NA,NA,NA,NA,NA,NA,NA,NA,NA,NA,NA,NA,NA,NA,NA,NA,NA,NA,NA,NA,NA,8.1
Jahan Dotson,WR,PHI,6.079342166591029,17,0.3576083627406488,3,WAS,vs. PHI,3 out of 5 stars,C+,9,183,10,8,Sun,3,2022-09-25,22-187,WAS,home,PHI,L 8-24,8,2,10,5,0,25,1.3,0,WR,1-16,0,0,0,0,0,0,0,0,0,0,0,0,0,0,0,0,0,0,2,16.2
JuJu Smith Schuster,WR,IND,2.0425981228668944,16,0.1276623826791809,3,KC,at IND,3 out of 5 stars,B-,9.7,18,89,8,Sun,3,2022-09-25,25-307,KAN,away,IND,L 17-20,8,5,89,17.8,0,62.5,11.1,4,WR,2-62,0,0,0,0,0,0,0,0,0,0,0,0,0,0,0,0,0,0,11.4,5.7
Kyle Philips,WR,LV,2.4105636310321716,12,0.2008803025860143,3,TEN,vs. LV,4 out of 5 stars,F,2.8,NA,NA,NA,NA,NA,NA,NA,NA,NA,NA,NA,NA,NA,NA,NA,NA,NA,NA,NA,NA,NA,NA,NA,NA,NA,NA,NA,NA,NA,NA,NA,NA,NA,NA,NA,NA,NA,NA,NA,NA,3.3
Jody Fortson,TE,IND,0,14,0,3,KC,at IND,3 out of 5 stars,F,2.4,NA,NA,NA,NA,NA,NA,NA,NA,NA,NA,NA,NA,NA,NA,NA,NA,NA,NA,NA,NA,NA,NA,NA,NA,NA,NA,NA,NA,NA,NA,NA,NA,NA,NA,NA,NA,NA,NA,NA,NA,3.3
DJ Moore,WR,NO,0,20,0,3,CAR,vs. NO,4 out of 5 stars,B+,10.8,NA,NA,NA,NA,NA,NA,NA,NA,NA,NA,NA,NA,NA,NA,NA,NA,NA,NA,NA,NA,NA,NA,NA,NA,NA,NA,NA,NA,NA,NA,NA,NA,NA,NA,NA,NA,NA,NA,NA,NA,9.2
Gabe Davis,WR,MIA,0,20,0,3,BUF,at MIA,3 out of 5 stars,A-,11,NA,NA,NA,NA,NA,NA,NA,NA,NA,NA,NA,NA,NA,NA,NA,NA,NA,NA,NA,NA,NA,NA,NA,NA,NA,NA,NA,NA,NA,NA,NA,NA,NA,NA,NA,NA,NA,NA,NA,NA,16.8
Marvin Jones Jr,WR,LAC,0,11,0,3,JAC,at LAC,2 out of 5 stars,D-,6.3,NA,NA,NA,NA,NA,NA,NA,NA,NA,NA,NA,NA,NA,NA,NA,NA,NA,NA,NA,NA,NA,NA,NA,NA,NA,NA,NA,NA,NA,NA,NA,NA,NA,NA,NA,NA,NA,NA,NA,NA,5.3
Joshua Palmer,WR,JAX,0,17,0,3,LAC,vs. JAC,4 out of 5 stars,C-,7.8,NA,NA,NA,NA,NA,NA,NA,NA,NA,NA,NA,NA,NA,NA,NA,NA,NA,NA,NA,NA,NA,NA,NA,NA,NA,NA,NA,NA,NA,NA,NA,NA,NA,NA,NA,NA,NA,NA,NA,NA,6.7
Allen Robinson II,WR,ARI,0,17,0,3,LAR,at ARI,3 out of 5 stars,B,10,NA,NA,NA,NA,NA,NA,NA,NA,NA,NA,NA,NA,NA,NA,NA,NA,NA,NA,NA,NA,NA,NA,NA,NA,NA,NA,NA,NA,NA,NA,NA,NA,NA,NA,NA,NA,NA,NA,NA,NA,7.5
DK Metcalf,WR,ATL,0,19,0,3,SEA,vs. ATL,4 out of 5 stars,B,10.2,NA,NA,NA,NA,NA,NA,NA,NA,NA,NA,NA,NA,NA,NA,NA,NA,NA,NA,NA,NA,NA,NA,NA,NA,NA,NA,NA,NA,NA,NA,NA,NA,NA,NA,NA,NA,NA,NA,NA,NA,5.3
Jonathan Taylor,RB,TEN,16.621552080347353,36,0.4617097800096487,4,IND,vs. TEN,2 out of 5 stars,A+,19,0,0,0,0,0,0,0,0,0,0,0,0,0,0,0,0,0,0,0,0,0,38,42,20,NA,4,2022-10-02,23-256,IND,home,TEN,L 17-24,20,42,2.1,0,3,NA,2-41,4.2,14.3
Austin Ekeler,RB,HOU,14.885234479641593,23,0.6471841078105041,4,LAC,at HOU,4 out of 5 stars,A,15.5,56,49,7,Sun,4,2022-10-02,27-138,LAC,away,HOU,W 34-24,7,6,49,8.2,1,85.7,7,2,RB,0,26,60,13,NA,4,2022-10-02,27-138,LAC,away,HOU,W 34-24,13,60,4.6,2,3,NA,0,31.9,10.8
Joe Mixon,RB,MIA,14.506239234859777,25,0.580249569394391,4,CIN,vs. MIA,3 out of 5 stars,A,15.3,155,13,4,Thu,4,2022-09-29,26-067,CIN,home,MIA,W 27-15,4,4,13,3.3,0,100,3.3,0,RB,2-48,25,61,24,NA,4,2022-09-29,26-067,CIN,home,MIA,W 27-15,24,61,2.5,1,4,NA,2-48,15.4,12.1
Najee Harris,RB,NYJ,15.96411869303573,26,0.6140045651167588,4,PIT,vs. NYJ,5 out of 5 stars,A-,14.4,0,0,0,0,0,0,0,0,0,0,0,0,0,0,0,0,0,0,0,0,0,15,74,18,NA,4,2022-10-02,24-207,PIT,home,NYJ,L 20-24,18,74,4.1,0,2,NA,1-24,7.4,10.9
James Conner,RB,CAR,10.7604719883308,26,0.4138643072434922,4,ARI,at CAR,3 out of 5 stars,B,12.5,115,22,3,Sun,4,2022-10-02,27-150,ARI,away,CAR,W 26-16,3,3,22,7.3,0,100,7.3,0,RB,3-105,29,55,15,NA,4,2022-10-02,27-150,ARI,away,CAR,W 26-16,15,55,3.7,0,3,NA,3-105,9.2,9.1
Ezekiel Elliott,RB,WAS,9.286806411421557,24,0.38695026714256486,4,DAL,vs. WAS,2 out of 5 stars,B-,11.2,87,32,2,Sun,4,2022-10-02,27-072,DAL,home,WAS,W 25-10,2,2,32,16,0,100,16,1,RB,1-4,31,49,19,NA,4,2022-10-02,27-072,DAL,home,WAS,W 25-10,19,49,2.6,0,1,NA,1-4,9.100000000000001,8.3
Nick Chubb,RB,ATL,15.863445389576494,30,0.5287815129858832,4,CLE,at ATL,4 out of 5 stars,A+,17.6,172,9,3,Sun,4,2022-10-02,26-279,CLE,away,ATL,L 20-23,3,2,9,4.5,0,66.7,3,1,RB,2-35,6,118,19,NA,4,2022-10-02,26-279,CLE,away,ATL,L 20-23,19,118,6.2,1,6,NA,2-35,19.700000000000003,21
Damien Harris,RB,GB,10.256772333924395,15,0.6837848222616265,4,NE,at GB,5 out of 5 stars,C,9.2,0,0,0,0,0,0,0,0,0,0,0,0,0,0,0,0,0,0,0,0,0,11,86,18,NA,4,2022-10-02,25-233,NWE,away,GNB,L 24-27 (OT),18,86,4.8,1,4,NA,3-87,14.6,11.4
Alvin Kamara,RB,MIN,10.458185847495152,28,0.3735066374105412,4,NO,vs. MIN,4 out of 5 stars,A-,14.2,NA,NA,NA,NA,NA,NA,NA,NA,NA,NA,NA,NA,NA,NA,NA,NA,NA,NA,NA,NA,NA,NA,NA,NA,NA,NA,NA,NA,NA,NA,NA,NA,NA,NA,NA,NA,NA,NA,NA,NA,6.2
Antonio Gibson,RB,DAL,12.566273016932705,18,0.6981262787184837,4,WAS,at DAL,2 out of 5 stars,B,12.1,151,14,3,Sun,4,2022-10-02,24-101,WAS,away,DAL,L 10-25,3,3,14,4.7,0,100,4.7,0,RB,3-66,32,49,13,NA,4,2022-10-02,24-101,WAS,away,DAL,L 10-25,13,49,3.8,0,2,NA,3-66,7.800000000000001,12.7
Leonard Fournette,RB,KC,12.513562295990592,24,0.521398428999608,4,TB,vs. KC,3 out of 5 stars,A,15.2,41,57,7,Sun,4,2022-10-02,27-257,TAM,home,KAN,L 31-41,7,7,57,8.1,1,100,8.1,3,RB,1-4,120,-3,3,NA,4,2022-10-02,27-257,TAM,home,KAN,L 31-41,3,-3,-1,0,0,NA,1-4,14.899999999999999,10.9
Cordarrelle Patterson,RB,CLE,13.893781633737,20,0.69468908168685,4,ATL,vs. CLE,3 out of 5 stars,B,12.8,0,0,0,0,0,0,0,0,0,0,0,0,0,0,0,0,0,0,0,0,0,43,38,9,NA,4,2022-10-02,31-199,ATL,home,CLE,W 23-20,9,38,4.2,1,2,NA,1-29,9.8,15.7
Aaron Jones,RB,NE,13.514677814457396,23,0.5875946875851041,4,GB,vs. NE,3 out of 5 stars,A-,14.3,195,5,4,Sun,4,2022-10-02,27-304,GNB,home,NWE,W 27-24 (OT),4,3,5,1.7,0,75,1.3,0,RB,5-182,8,110,16,NA,4,2022-10-02,27-304,GNB,home,NWE,W 27-24 (OT),16,110,6.9,0,7,NA,5-182,13,14.6
Derrick Henry,RB,IND,13.795370225603406,35,0.3941534350172402,4,TEN,at IND,3 out of 5 stars,A,15.2,81,33,5,Sun,4,2022-10-02,28-271,TEN,away,IND,W 24-17,5,3,33,11,0,60,6.6,1,RB,2-45,7,114,22,NA,4,2022-10-02,28-271,TEN,away,IND,W 24-17,22,114,5.2,1,4,NA,2-45,22.200000000000003,13.2
Dalvin Cook,RB,NO,12.07057949550692,29,0.416226879155411,4,MIN,at NO,1 out of 5 stars,B+,13.5,166,10,2,Sun,4,2022-10-02,27-053,MIN,away,NOR,W 28-25,2,2,10,5,0,100,5,1,RB,2-41,14,76,20,NA,4,2022-10-02,27-053,MIN,away,NOR,W 28-25,20,76,3.8,0,2,NA,2-41,9.600000000000001,10.5
Josh Jacobs,RB,DEN,9.806998556000288,15,0.6537999037333525,4,LV,vs. DEN,3 out of 5 stars,B-,11.8,88,31,6,Sun,4,2022-10-02,24-233,LVR,home,DEN,W 32-23,6,5,31,6.2,0,83.3,5.2,4,RB,1-24,3,144,28,NA,4,2022-10-02,24-233,LVR,home,DEN,W 32-23,28,144,5.1,2,8,NA,1-24,32,9.5
Javonte Williams,RB,LV,11.75306212557098,22,0.5342300966168627,4,DEN,at LV,3 out of 5 stars,B+,14.1,0,0,0,0,0,0,0,0,0,0,0,0,0,0,0,0,0,0,0,0,0,53,28,10,NA,4,2022-10-02,22-160,DEN,away,LVR,L 23-32,10,28,2.8,0,2,NA,2-35,2.8000000000000003,10.3
Devin Singletary,RB,BAL,9.62088419329879,16,0.6013052620811744,4,BUF,at BAL,3 out of 5 stars,C,9.7,60,47,5,Sun,4,2022-10-02,25-029,BUF,away,BAL,W 23-20,5,4,47,11.8,0,80,9.4,3,RB,3-74,34,49,11,NA,4,2022-10-02,25-029,BUF,away,BAL,W 23-20,11,49,4.5,0,2,NA,3-74,11.600000000000001,10
AJ Dillon,RB,NE,9.859299421054615,20,0.49296497105273074,4,GB,vs. NE,3 out of 5 stars,B-,11,162,11,2,Sun,4,2022-10-02,24-153,GNB,home,NWE,W 27-24 (OT),2,1,11,11,0,50,5.5,1,RB,2-62,17,73,17,NA,4,2022-10-02,24-153,GNB,home,NWE,W 27-24 (OT),17,73,4.3,0,2,NA,2-62,8.9,9.9
James Robinson,RB,PHI,16.119547371971997,24,0.6716478071654999,4,JAC,at PHI,4 out of 5 stars,B,12.8,0,0,0,0,0,0,0,0,0,0,0,0,0,0,0,0,0,0,0,0,0,50,29,8,NA,4,2022-10-02,24-054,JAX,away,PHI,L 21-29,8,29,3.6,0,1,NA,0,2.9000000000000004,17.8
Tony Pollard,RB,WAS,10.864621291974863,20,0.5432310645987432,4,DAL,vs. WAS,2 out of 5 stars,C,9.3,0,0,0,0,0,0,0,0,0,0,0,0,0,0,0,0,0,0,0,0,0,89,6,8,NA,4,2022-10-02,25-155,DAL,home,WAS,W 25-10,8,6,0.8,0,0,NA,4-128,0.6000000000000001,10.5
Michael Carter,RB,PIT,10.366914870278872,16,0.6479321793924295,4,NYJ,at PIT,3 out of 5 stars,C,9,149,14,3,Sun,4,2022-10-02,23-148,NYJ,away,PIT,W 24-20,3,2,14,7,0,66.7,4.7,0,RB,4-107,69,15,9,NA,4,2022-10-02,23-148,NYJ,away,PIT,W 24-20,9,15,1.7,0,0,NA,4-107,3.9000000000000004,8.7
Rashaad Penny,RB,DET,9.053566954698296,22,0.4115257706681044,4,SEA,at DET,5 out of 5 stars,C+,10.4,192,6,1,Sun,4,2022-10-02,26-242,SEA,away,DET,W 48-45,1,1,6,6,0,100,6,1,RB,1-27,1,151,17,NA,4,2022-10-02,26-242,SEA,away,DET,W 48-45,17,151,8.9,2,6,NA,1-27,28.200000000000003,5.5
Saquon Barkley,RB,CHI,17.349640629406863,29,0.598263469979547,4,NYG,vs. CHI,3 out of 5 stars,A+,18.9,138,16,2,Sun,4,2022-10-02,25-235,NYG,home,CHI,W 20-12,2,2,16,8,0,100,8,1,RB,1-2,2,146,31,NA,4,2022-10-02,25-235,NYG,home,CHI,W 20-12,31,146,4.7,0,5,NA,1-2,17.200000000000003,20.4
Rhamondre Stevenson,RB,GB,8.787726163856679,20,0.4393863081928339,4,NE,at GB,5 out of 5 stars,C,9.5,113,23,5,Sun,4,2022-10-02,24-221,NWE,away,GNB,L 24-27 (OT),5,4,23,5.8,0,80,4.6,1,RB,4-120,23,66,14,NA,4,2022-10-02,24-221,NWE,away,GNB,L 24-27 (OT),14,66,4.7,0,5,NA,4-120,10.900000000000002,9.1
Chase Edmonds,RB,CIN,9.03733470074463,16,0.5648334187965394,4,MIA,at CIN,3 out of 5 stars,C-,8.2,150,14,3,Thu,4,2022-09-29,26-169,MIA,away,CIN,L 15-27,3,2,14,7,1,66.7,4.7,1,RB,4-134,86,6,5,NA,4,2022-09-29,26-169,MIA,away,CIN,L 15-27,5,6,1.2,0,0,NA,4-134,9,9.3
Clyde Edwards Helaire,RB,TB,11.750433471701536,17,0.6912019689236197,4,KC,at TB,3 out of 5 stars,C+,10.4,0,0,0,0,0,0,0,0,0,0,0,0,0,0,0,0,0,0,0,0,0,10,92,19,NA,4,2022-10-02,23-174,KAN,away,TAM,W 41-31,19,92,4.8,1,5,NA,1-32,15.200000000000001,15.7
Alexander Mattison,RB,NO,6.61776772669232,19,0.3483035645627537,4,MIN,at NO,1 out of 5 stars,D,6.9,146,15,1,Sun,4,2022-10-02,24-105,MIN,away,NOR,W 28-25,1,1,15,15,1,100,15,1,RB,3-102,101,3,3,NA,4,2022-10-02,24-105,MIN,away,NOR,W 28-25,3,3,1,0,0,NA,3-102,8.3,5.8
Jamaal Williams,RB,SEA,12.61644121669491,23,0.5485409224649961,4,DET,vs. SEA,3 out of 5 stars,A-,14.3,0,0,0,0,0,0,0,0,0,0,0,0,0,0,0,0,0,0,0,0,0,9,108,19,NA,4,2022-10-02,27-182,DET,home,SEA,L 45-48,19,108,5.7,2,5,NA,4-134,22.8,15.2
Miles Sanders,RB,JAX,7.651986010914337,21,0.364380286234016,4,PHI,vs. JAC,4 out of 5 stars,B-,11.8,120,22,3,Sun,4,2022-10-02,25-154,PHI,home,JAX,W 29-21,3,2,22,11,0,66.7,7.3,1,RB,2-53,4,134,27,NA,4,2022-10-02,25-154,PHI,home,JAX,W 29-21,27,134,5,2,7,NA,2-53,28.6,10.8
Christian McCaffrey,RB,ARI,15.447599346984637,38,0.4065157722890694,4,CAR,vs. ARI,2 out of 5 stars,A,16.1,23,81,9,Sun,4,2022-10-02,26-117,CAR,home,ARI,L 16-26,9,9,81,9,1,100,9,2,RB,1-8,55,27,8,NA,4,2022-10-02,26-117,CAR,home,ARI,L 16-26,8,27,3.4,0,2,NA,1-8,21.3,13.7
Kenneth Gainwell,RB,JAX,4.635677104850511,12,0.3863064254042092,4,PHI,vs. JAC,4 out of 5 stars,F,4.9,0,0,0,0,0,0,0,0,0,0,0,0,0,0,0,0,0,0,0,0,0,62,19,5,NA,4,2022-10-02,23-202,PHI,home,JAX,W 29-21,5,19,3.8,1,1,NA,5-150,7.9,4.4
Kareem Hunt,RB,ATL,13.090009761493882,18,0.7272227645274378,4,CLE,at ATL,4 out of 5 stars,C+,10.4,125,19,3,Sun,4,2022-10-02,27-057,CLE,away,ATL,L 20-23,3,2,19,9.5,0,66.7,6.3,1,RB,3-86,33,49,10,NA,4,2022-10-02,27-057,CLE,away,ATL,L 20-23,10,49,4.9,0,3,NA,3-86,7.800000000000001,12.3
J D McKissic,RB,DAL,8.153257041039076,12,0.6794380867532563,4,WAS,at DAL,2 out of 5 stars,D,6.9,142,16,4,Sun,4,2022-10-02,29-048,WAS,away,DAL,L 10-25,4,3,16,5.3,0,75,4,0,RB,0,41,40,8,NA,4,2022-10-02,29-048,WAS,away,DAL,L 10-25,8,40,5,0,2,NA,0,7.1,7.7
Zack Moss,RB,BAL,5.3766565847266055,13,0.41358896805589274,4,BUF,at BAL,3 out of 5 stars,F,4.3,0,0,0,0,0,0,0,0,0,0,0,0,0,0,0,0,0,0,0,0,0,88,6,3,NA,4,2022-10-02,24-291,BUF,away,BAL,W 23-20,3,6,2,0,0,NA,3-86,0.6000000000000001,4
Nyheim Hines,RB,TEN,6.25097376314468,14,0.4464981259389057,4,IND,vs. TEN,2 out of 5 stars,D,6.5,0,0,0,0,0,0,0,0,0,0,0,0,0,0,0,0,0,0,0,0,0,112,0,1,NA,4,2022-10-02,25-324,IND,home,TEN,L 17-24,1,0,0,0,0,NA,4-104,0,6.5
Khalil Herbert,RB,NYG,10.54655560064775,19,0.5550818737183026,4,CHI,at NYG,4 out of 5 stars,B+,13.2,103,24,1,Sun,4,2022-10-02,24-164,CHI,away,NYG,L 12-20,1,1,24,24,0,100,24,1,RB,6-217,13,77,19,NA,4,2022-10-02,24-164,CHI,away,NYG,L 12-20,19,77,4.1,0,2,NA,6-217,10.600000000000001,15.1
Samaje Perine,RB,MIA,5.3386385841789705,16,0.33366491151118566,4,CIN,vs. MIA,3 out of 5 stars,F,4.7,0,0,0,0,0,0,0,0,0,0,0,0,0,0,0,0,0,0,0,0,0,115,0,1,NA,4,2022-09-29,27-013,CIN,home,MIA,W 27-15,1,0,0,0,0,NA,4-114,0,5
Dontrell Hilliard,RB,IND,12.939992025976832,14,0.9242851447126308,4,TEN,at IND,3 out of 5 stars,F,4.7,130,18,4,Sun,4,2022-10-02,27-218,TEN,away,IND,W 24-17,4,4,18,4.5,0,100,4.5,0,RB,0,0,0,0,0,0,0,0,0,0,0,0,0,0,0,0,0,0,0,3.8,12.6
Chris Evans,RB,MIA,1.2641963606965183,13,0.09724587389973216,4,CIN,vs. MIA,3 out of 5 stars,F,1.6,NA,NA,NA,NA,NA,NA,NA,NA,NA,NA,NA,NA,NA,NA,NA,NA,NA,NA,NA,NA,NA,NA,NA,NA,NA,NA,NA,NA,NA,NA,NA,NA,NA,NA,NA,NA,NA,NA,NA,NA,0.4
Ke Shawn Vaughn,RB,KC,1.1331091980638046,13,0.08716224600490804,4,TB,vs. KC,3 out of 5 stars,F,1.1,NA,NA,NA,NA,NA,NA,NA,NA,NA,NA,NA,NA,NA,NA,NA,NA,NA,NA,NA,NA,NA,NA,NA,NA,NA,NA,NA,NA,NA,NA,NA,NA,NA,NA,NA,NA,NA,NA,NA,NA,6.8
Jerick McKinnon,RB,TB,4.1618564282050325,12,0.34682136901708605,4,KC,at TB,3 out of 5 stars,D-,5,0,0,0,0,0,0,0,0,0,0,0,0,0,0,0,0,0,0,0,0,0,118,-1,2,NA,4,2022-10-02,30-152,KAN,away,TAM,W 41-31,2,-1,-0.5,0,0,NA,3-96,-0.1,5.7
Eno Benjamin,RB,CAR,5.114001289260372,11,0.4649092081145793,4,ARI,at CAR,3 out of 5 stars,F,4.6,170,9,1,Sun,4,2022-10-02,23-172,ARI,away,CAR,W 26-16,1,1,9,9,0,100,9,1,RB,7-222,44,36,5,NA,4,2022-10-02,23-172,ARI,away,CAR,W 26-16,5,36,7.2,0,1,NA,7-222,5,5.8
Kene Nwangwu,RB,NO,0.3034171529718823,13,0.0233397809978371,4,MIN,at NO,1 out of 5 stars,F,0.9,NA,NA,NA,NA,NA,NA,NA,NA,NA,NA,NA,NA,NA,NA,NA,NA,NA,NA,NA,NA,NA,NA,NA,NA,NA,NA,NA,NA,NA,NA,NA,NA,NA,NA,NA,NA,NA,NA,NA,NA,0
Joshua Kelley,RB,HOU,3.6677439588034337,12,0.3056453299002861,4,LAC,at HOU,4 out of 5 stars,F,3.3,0,0,0,0,0,0,0,0,0,0,0,0,0,0,0,0,0,0,0,0,0,70,15,4,NA,4,2022-10-02,24-316,LAC,away,HOU,W 34-24,4,15,3.8,0,1,NA,4-112,1.5,2.9
Jeff Wilson Jr,RB,LAR,5.741354436327425,14,0.41009674545195896,4,SF,vs. LAR,2 out of 5 stars,B,12,NA,NA,NA,NA,NA,NA,NA,NA,NA,NA,NA,NA,NA,NA,NA,NA,NA,NA,NA,NA,NA,NA,NA,NA,NA,NA,NA,NA,NA,NA,NA,NA,NA,NA,NA,NA,NA,NA,NA,NA,8.5
Dameon Pierce,RB,LAC,6.618317151604567,21,0.3151579596002175,4,HOU,vs. LAC,4 out of 5 stars,B,12.3,179,8,6,Sun,4,2022-10-02,22-225,HOU,home,LAC,L 24-34,6,6,8,1.3,0,100,1.3,0,RB,4-107,5,131,14,NA,4,2022-10-02,22-225,HOU,home,LAC,L 24-34,14,131,9.4,1,2,NA,4-107,22.900000000000002,9.9
Breece Hall,RB,PIT,8.040885814199372,17,0.4729932831881984,4,NYJ,at PIT,3 out of 5 stars,C+,10,157,12,6,Sun,4,2022-10-02,21-124,NYJ,away,PIT,W 24-20,6,2,12,6,0,33.3,2,0,RB,2-36,22,66,17,NA,4,2022-10-02,21-124,NYJ,away,PIT,W 24-20,17,66,3.9,1,5,NA,2-36,14.8,10.6
Raheem Mostert,RB,CIN,4.292534836354444,14,0.3066096311681746,4,MIA,at CIN,3 out of 5 stars,D+,7.7,160,12,3,Thu,4,2022-09-29,30-173,MIA,away,CIN,L 15-27,3,2,12,6,0,66.7,4,0,RB,0,20,69,15,NA,4,2022-09-29,30-173,MIA,away,CIN,L 15-27,15,69,4.6,0,2,NA,0,9.100000000000001,5.8
Travis Etienne Jr,RB,PHI,4.561518844671755,17,0.26832463792186795,4,JAC,at PHI,4 out of 5 stars,C-,7.7,NA,NA,NA,NA,NA,NA,NA,NA,NA,NA,NA,NA,NA,NA,NA,NA,NA,NA,NA,NA,NA,NA,NA,NA,NA,NA,NA,NA,NA,NA,NA,NA,NA,NA,NA,NA,NA,NA,NA,NA,7.8
Melvin Gordon III,RB,LV,7.297931194590854,16,0.4561206996619283,4,DEN,at LV,3 out of 5 stars,C,8.4,NA,NA,NA,NA,NA,NA,NA,NA,NA,NA,NA,NA,NA,NA,NA,NA,NA,NA,NA,NA,NA,NA,NA,NA,NA,NA,NA,NA,NA,NA,NA,NA,NA,NA,NA,NA,NA,NA,NA,NA,8.7
Darrell Henderson Jr,RB,SF,4.854651470971157,14,0.34676081935508263,4,LAR,at SF,2 out of 5 stars,D+,6.9,NA,NA,NA,NA,NA,NA,NA,NA,NA,NA,NA,NA,NA,NA,NA,NA,NA,NA,NA,NA,NA,NA,NA,NA,NA,NA,NA,NA,NA,NA,NA,NA,NA,NA,NA,NA,NA,NA,NA,NA,7.4
Cam Akers,RB,SF,3.7962092809985393,17,0.22330642829403172,4,LAR,at SF,2 out of 5 stars,C,8.7,0,0,0,0,0,0,0,0,0,0,0,0,0,0,0,0,0,0,0,0,0,74,13,8,NA,4,2022-10-03,23-103,LAR,away,SFO,L 9-24,8,13,1.6,0,1,NA,2-52,1.3,5.8
Mark Ingram II,RB,MIN,4.493477064251985,15,0.299565137616799,4,NO,vs. MIN,4 out of 5 stars,F,4.8,NA,NA,NA,NA,NA,NA,NA,NA,NA,NA,NA,NA,NA,NA,NA,NA,NA,NA,NA,NA,NA,NA,NA,NA,NA,NA,NA,NA,NA,NA,NA,NA,NA,NA,NA,NA,NA,NA,NA,NA,4.6
Justice Hill,RB,BUF,1.696713141534219,13,0.13051639550263222,4,BAL,vs. BUF,3 out of 5 stars,F,4.2,159,12,2,Sun,4,2022-10-02,24-322,BAL,home,BUF,L 20-23,2,2,12,6,0,100,6,1,RB,4-113,37,45,8,NA,4,2022-10-02,24-322,BAL,home,BUF,L 20-23,8,45,5.6,0,3,NA,4-113,6.7,3.2
Isiah Pacheco,RB,TB,1.4214930107526882,11,0.12922663734115347,4,KC,at TB,3 out of 5 stars,F,2.6,0,0,0,0,0,0,0,0,0,0,0,0,0,0,0,0,0,0,0,0,0,24,63,11,NA,4,2022-10-02,22-214,KAN,away,TAM,W 41-31,11,63,5.7,0,0,NA,7-251,6.300000000000001,4.6
J K Dobbins,RB,BUF,2.8097841839174693,15,0.18731894559449797,4,BAL,vs. BUF,3 out of 5 stars,C-,8.2,116,22,4,Sun,4,2022-10-02,23-289,BAL,home,BUF,L 20-23,4,4,22,5.5,1,100,5.5,2,RB,2-55,39,41,13,NA,4,2022-10-02,23-289,BAL,home,BUF,L 20-23,13,41,3.2,1,5,NA,2-55,20.3,5
Trestan Ebner,RB,NYG,0.4673071772897697,12,0.03894226477414748,4,CHI,at NYG,4 out of 5 stars,F,2.6,177,8,3,Sun,4,2022-10-02,23-273,CHI,away,NYG,L 12-20,3,2,8,4,0,66.7,2.7,0,RB,6-203,61,20,6,NA,4,2022-10-02,23-273,CHI,away,NYG,L 12-20,6,20,3.3,0,1,NA,6-203,3.8,0.8
Mark Andrews,TE,BUF,13.821686736957416,28,0.49363166917705065,4,BAL,vs. BUF,2 out of 5 stars,A+,14.7,144,15,5,Sun,4,2022-10-02,27-026,BAL,home,BUF,L 20-23,5,2,15,7.5,0,40,3,1,TE,3-86,0,0,0,0,0,0,0,0,0,0,0,0,0,0,0,0,0,0,2.5,17.9
Cooper Kupp,WR,SF,16.413619246239616,38,0.43193734858525307,4,LAR,at SF,3 out of 5 stars,A+,18.2,6,122,19,Mon,4,2022-10-03,29-110,LAR,away,SFO,L 9-24,19,14,122,8.7,0,73.7,6.4,9,WR,3-69,0,0,0,0,0,0,0,0,0,0,0,0,0,0,0,0,0,0,19.200000000000003,22
Travis Kelce,TE,TB,12.225446140175965,30,0.4075148713391989,4,KC,at TB,3 out of 5 stars,A,14.1,16,92,10,Sun,4,2022-10-02,32-362,KAN,away,TAM,W 41-31,10,9,92,10.2,1,90,9.2,8,TE,3-63,0,0,0,0,0,0,0,0,0,0,0,0,0,0,0,0,0,0,19.700000000000003,15.2
Deebo Samuel,WR,LAR,8.699580953456794,29,0.2999855501191998,4,SF,vs. LAR,3 out of 5 stars,A,14.6,9,115,7,Mon,4,2022-10-03,26-261,SFO,home,LAR,W 24-9,7,6,115,19.2,1,85.7,16.4,3,WR,2-36,106,2,2,NA,4,2022-10-03,26-261,SFO,home,LAR,W 24-9,2,2,1,0,0,NA,2-36,20.7,11.4
Dalton Schultz,TE,WAS,7.081938456996426,18,0.3934410253886903,4,DAL,vs. WAS,3 out of 5 stars,D,6.2,NA,NA,NA,NA,NA,NA,NA,NA,NA,NA,NA,NA,NA,NA,NA,NA,NA,NA,NA,NA,NA,NA,NA,NA,NA,NA,NA,NA,NA,NA,NA,NA,NA,NA,NA,NA,NA,NA,NA,NA,5.2
Ja Marr Chase,WR,MIA,13.740150128581044,31,0.443230649309066,4,CIN,vs. MIA,3 out of 5 stars,A+,15.9,22,81,6,Thu,4,2022-09-29,22-212,CIN,home,MIA,W 27-15,6,4,81,20.3,0,66.7,13.5,3,WR,1-5,0,0,0,0,0,0,0,0,0,0,0,0,0,0,0,0,0,0,10.1,13
George Kittle,TE,LAR,7.7039472979783294,17,0.4531733704693135,4,SF,vs. LAR,2 out of 5 stars,B+,9.5,104,24,4,Mon,4,2022-10-03,28-359,SFO,home,LAR,W 24-9,4,2,24,12,0,50,6,1,TE,5-146,0,0,0,0,0,0,0,0,0,0,0,0,0,0,0,0,0,0,3.4000000000000004,4.8
Justin Jefferson,WR,NO,13.230631532150438,32,0.4134572353797012,4,MIN,at NO,4 out of 5 stars,A+,16.3,4,147,13,Sun,4,2022-10-02,23-108,MIN,away,NOR,W 28-25,13,10,147,14.7,0,76.9,11.3,5,WR,1-22,98,3,1,NA,4,2022-10-02,23-108,MIN,away,NOR,W 28-25,1,3,3,1,1,NA,1-22,26.000000000000004,15.2
Davante Adams,WR,DEN,13.421834129630405,26,0.5162243896011695,4,LV,vs. DEN,2 out of 5 stars,A+,15.8,12,101,13,Sun,4,2022-10-02,29-282,LVR,home,DEN,W 32-23,13,9,101,11.2,0,69.2,7.8,4,WR,2-53,93,4,1,NA,4,2022-10-02,29-282,LVR,home,DEN,W 32-23,1,4,4,0,0,NA,2-53,15.000000000000002,15
Dawson Knox,TE,BAL,5.544226452191471,17,0.3261309677759689,4,BUF,at BAL,3 out of 5 stars,C-,6.4,67,40,6,Sun,4,2022-10-02,25-322,BUF,away,BAL,W 23-20,6,3,40,13.3,0,50,6.7,3,TE,3-96,0,0,0,0,0,0,0,0,0,0,0,0,0,0,0,0,0,0,5.5,3.9
Mike Evans,WR,KC,13.545136034738531,28,0.48375485838351906,4,TB,vs. KC,3 out of 5 stars,A,13.7,10,103,10,Sun,4,2022-10-02,29-042,TAM,home,KAN,L 31-41,10,8,103,12.9,2,80,10.3,6,WR,1-7,0,0,0,0,0,0,0,0,0,0,0,0,0,0,0,0,0,0,26.3,11.6
Tyreek Hill,WR,CIN,15.793670035496673,26,0.6074488475191028,4,MIA,at CIN,3 out of 5 stars,A+,15.5,2,160,14,Thu,4,2022-09-29,28-212,MIA,away,CIN,L 15-27,14,10,160,16,0,71.4,11.4,6,WR,5-165,117,-1,1,NA,4,2022-09-29,28-212,MIA,away,CIN,L 15-27,1,-1,-1,0,0,NA,5-165,20.9,18.9
Dallas Goedert,TE,JAX,9.46711598186632,20,0.473355799093316,4,PHI,vs. JAC,3 out of 5 stars,B,9.4,29,72,6,Sun,4,2022-10-02,27-272,PHI,home,JAX,W 29-21,6,5,72,14.4,0,83.3,12,2,TE,2-49,0,0,0,0,0,0,0,0,0,0,0,0,0,0,0,0,0,0,9.7,9.4
Stefon Diggs,WR,BAL,20.60959894138128,34,0.6061646747465083,4,BUF,at BAL,4 out of 5 stars,A+,16.9,34,62,6,Sun,4,2022-10-02,28-307,BUF,away,BAL,W 23-20,6,4,62,15.5,0,66.7,10.3,3,WR,5-146,0,0,0,0,0,0,0,0,0,0,0,0,0,0,0,0,0,0,8.2,24
Kyle Pitts,TE,CLE,6.956698688102323,16,0.4347936680063952,4,ATL,vs. CLE,3 out of 5 stars,A-,10.1,99,25,4,Sun,4,2022-10-02,21-361,ATL,home,CLE,W 23-20,4,1,25,25,0,25,6.3,1,TE,1-4,0,0,0,0,0,0,0,0,0,0,0,0,0,0,0,0,0,0,3,5.7
Mike Williams,WR,HOU,9.225849713260327,22,0.4193568051481967,4,LAC,at HOU,4 out of 5 stars,A-,12.6,7,120,11,Sun,4,2022-10-02,27-363,LAC,away,HOU,W 34-24,11,7,120,17.1,0,63.6,10.9,5,WR,1-7,0,0,0,0,0,0,0,0,0,0,0,0,0,0,0,0,0,0,15.5,10.4
Zach Ertz,TE,CAR,8.29729782517775,16,0.5185811140736094,4,ARI,at CAR,3 out of 5 stars,B,9.4,59,47,6,Sun,4,2022-10-02,31-326,ARI,away,CAR,W 26-16,6,6,47,7.8,1,100,7.8,2,TE,2-35,0,0,0,0,0,0,0,0,0,0,0,0,0,0,0,0,0,0,13.7,9.8
Mike Gesicki,TE,CIN,5.21937055394541,12,0.4349475461621175,4,MIA,at CIN,4 out of 5 stars,F,5.3,110,23,4,Thu,4,2022-09-29,26-361,MIA,away,CIN,L 15-27,4,2,23,11.5,0,50,5.8,1,TE,2-42,0,0,0,0,0,0,0,0,0,0,0,0,0,0,0,0,0,0,3.3000000000000003,4.3
Tyler Lockett,WR,DET,11.825326761668276,18,0.6569625978704597,4,SEA,at DET,2 out of 5 stars,B,10.5,17,91,8,Sun,4,2022-10-02,30-004,SEA,away,DET,W 48-45,8,6,91,15.2,0,75,11.4,3,WR,3-69,0,0,0,0,0,0,0,0,0,0,0,0,0,0,0,0,0,0,12.1,10.5
Pat Freiermuth,TE,NYJ,10.72558304208344,16,0.670348940130215,4,PIT,vs. NYJ,4 out of 5 stars,C+,7.4,20,85,9,Sun,4,2022-10-02,23-342,PIT,home,NYJ,L 20-24,9,7,85,12.1,0,77.8,9.4,6,TE,2-55,0,0,0,0,0,0,0,0,0,0,0,0,0,0,0,0,0,0,12,8.4
Diontae Johnson,WR,NYJ,11.563636474820722,20,0.5781818237410361,4,PIT,vs. NYJ,4 out of 5 stars,A-,12.5,163,11,4,Sun,4,2022-10-02,26-089,PIT,home,NYJ,L 20-24,4,2,11,5.5,0,50,2.8,1,WR,3-66,76,11,2,NA,4,2022-10-02,26-089,PIT,home,NYJ,L 20-24,2,11,5.5,0,0,NA,3-66,3.2,10.7
Tyler Higbee,TE,SF,6.896228326229828,12,0.5746856938524857,4,LAR,at SF,3 out of 5 stars,C+,9.2,27,73,14,Mon,4,2022-10-03,29-275,LAR,away,SFO,L 9-24,14,10,73,7.3,0,71.4,5.2,4,TE,4-110,0,0,0,0,0,0,0,0,0,0,0,0,0,0,0,0,0,0,12.3,8.4
CeeDee Lamb,WR,WAS,14.173242776566456,21,0.6749163226936409,4,DAL,vs. WAS,3 out of 5 stars,A,13.3,13,97,8,Sun,4,2022-10-02,23-177,DAL,home,WAS,W 25-10,8,6,97,16.2,1,75,12.1,4,WR,1-17,0,0,0,0,0,0,0,0,0,0,0,0,0,0,0,0,0,0,18.700000000000003,11.4
T J Hockenson,TE,SEA,7.0574834403748765,18,0.39208241335415983,4,DET,vs. SEA,5 out of 5 stars,B-,9.3,1,179,12,Sun,4,2022-10-02,25-091,DET,home,SEA,L 45-48,12,8,179,22.4,2,66.7,14.9,7,TE,1-8,0,0,0,0,0,0,0,0,0,0,0,0,0,0,0,0,0,0,33.900000000000006,6.4
Michael Pittman Jr,WR,TEN,17.518774771554973,27,0.6488435100575916,4,IND,vs. TEN,4 out of 5 stars,A,14.6,90,31,6,Sun,4,2022-10-02,24-362,IND,home,TEN,L 17-24,6,3,31,10.3,0,50,5.2,1,WR,2-34,0,0,0,0,0,0,0,0,0,0,0,0,0,0,0,0,0,0,4.6,16.9
Tee Higgins,WR,MIA,13.425752398450914,22,0.6102614726568597,4,CIN,vs. MIA,3 out of 5 stars,A,13.6,5,124,9,Thu,4,2022-09-29,23-254,CIN,home,MIA,W 27-15,9,7,124,17.7,1,77.8,13.8,4,WR,2-33,0,0,0,0,0,0,0,0,0,0,0,0,0,0,0,0,0,0,21.9,13.4
Darren Waller,TE,DEN,7.9186812897133505,23,0.34429049085710217,4,LV,vs. DEN,3 out of 5 stars,A,10.2,107,24,5,Sun,4,2022-10-02,30-019,LVR,home,DEN,W 32-23,5,3,24,8,0,60,4.8,1,TE,6-204,0,0,0,0,0,0,0,0,0,0,0,0,0,0,0,0,0,0,3.9000000000000004,9.2
Tyler Conklin,TE,PIT,7.436419489772924,14,0.531172820698066,4,NYJ,at PIT,2 out of 5 stars,C-,6.9,49,52,5,Sun,4,2022-10-02,27-064,NYJ,away,PIT,W 24-20,5,3,52,17.3,0,60,10.4,3,TE,5-157,0,0,0,0,0,0,0,0,0,0,0,0,0,0,0,0,0,0,6.7,9.6
Chris Godwin,WR,KC,7.28002548586282,23,0.316522847211427,4,TB,vs. KC,3 out of 5 stars,F,4.1,39,59,10,Sun,4,2022-10-02,26-217,TAM,home,KAN,L 31-41,10,7,59,8.4,0,70,5.9,3,WR,3-84,0,0,0,0,0,0,0,0,0,0,0,0,0,0,0,0,0,0,9.4,5
David Njoku,TE,ATL,9.404166834346452,14,0.6717262024533179,4,CLE,at ATL,5 out of 5 stars,C,7.3,28,73,7,Sun,4,2022-10-02,26-084,CLE,away,ATL,L 20-23,7,5,73,14.6,0,71.4,10.4,3,TE,1-29,124,-6,1,NA,4,2022-10-02,26-084,CLE,away,ATL,L 20-23,1,-6,-6,0,0,NA,1-29,9.200000000000001,8.4
Brandin Cooks,WR,LAC,9.442729931503257,17,0.5554547018531326,4,HOU,vs. LAC,2 out of 5 stars,B+,11.7,40,57,7,Sun,4,2022-10-02,29-007,HOU,home,LAC,L 24-34,7,7,57,8.1,1,100,8.1,4,WR,1-20,0,0,0,0,0,0,0,0,0,0,0,0,0,0,0,0,0,0,15.2,7.4
Jaylen Waddle,WR,CIN,13.76418058672544,26,0.5293915610279016,4,MIA,at CIN,3 out of 5 stars,A,13.8,71,39,5,Thu,4,2022-09-29,23-308,MIA,away,CIN,L 15-27,5,2,39,19.5,0,40,7.8,2,WR,1-6,0,0,0,0,0,0,0,0,0,0,0,0,0,0,0,0,0,0,4.9,17.1
Gerald Everett,TE,HOU,6.677127771991648,15,0.44514185146610985,4,LAC,at HOU,4 out of 5 stars,C,7.1,37,61,6,Sun,4,2022-10-02,28-099,LAC,away,HOU,W 34-24,6,5,61,12.2,1,83.3,10.2,3,TE,2-44,0,0,0,0,0,0,0,0,0,0,0,0,0,0,0,0,0,0,14.600000000000001,8.8
Evan Engram,TE,PHI,5.060421574140777,13,0.38926319801082904,4,JAC,at PHI,4 out of 5 stars,D+,6.3,140,16,1,Sun,4,2022-10-02,28-030,JAX,away,PHI,L 21-29,1,1,16,16,0,100,16,1,TE,1-23,0,0,0,0,0,0,0,0,0,0,0,0,0,0,0,0,0,0,2.1,5.4
Terry McLaurin,WR,DAL,10.032700140908563,21,0.4777476257575507,4,WAS,at DAL,3 out of 5 stars,B,11.4,147,15,6,Sun,4,2022-10-02,27-017,WAS,away,DAL,L 10-25,6,2,15,7.5,0,33.3,2.5,1,WR,3-76,0,0,0,0,0,0,0,0,0,0,0,0,0,0,0,0,0,0,2.5,12.1
Foster Moreau,TE,DEN,3.299925522690711,12,0.27499379355755926,4,LV,vs. DEN,3 out of 5 stars,F,3,NA,NA,NA,NA,NA,NA,NA,NA,NA,NA,NA,NA,NA,NA,NA,NA,NA,NA,NA,NA,NA,NA,NA,NA,NA,NA,NA,NA,NA,NA,NA,NA,NA,NA,NA,NA,NA,NA,NA,NA,5.2
Marquise Brown,WR,CAR,12.299898292004896,19,0.6473630680002578,4,ARI,at CAR,4 out of 5 stars,A-,12.8,18,88,11,Sun,4,2022-10-02,25-120,ARI,away,CAR,W 26-16,11,6,88,14.7,1,54.5,8,5,WR,1-25,0,0,0,0,0,0,0,0,0,0,0,0,0,0,0,0,0,0,17.8,14.4
Amari Cooper,WR,ATL,16.615193751600632,23,0.7223997283304623,4,CLE,at ATL,4 out of 5 stars,A-,12.3,173,9,4,Sun,4,2022-10-02,28-107,CLE,away,ATL,L 20-23,4,1,9,9,0,25,2.3,1,WR,1-4,0,0,0,0,0,0,0,0,0,0,0,0,0,0,0,0,0,0,1.4,14.5
Adam Thielen,WR,NO,8.747803964523845,17,0.5145767037955203,4,MIN,at NO,4 out of 5 stars,C+,9.4,30,72,9,Sun,4,2022-10-02,32-041,MIN,away,NOR,W 28-25,9,8,72,9,0,88.9,8,5,WR,0,0,0,0,0,0,0,0,0,0,0,0,0,0,0,0,0,0,0,11.2,9.1
Christian Kirk,WR,PHI,14.364470072797245,22,0.6529304578544202,4,JAC,at PHI,3 out of 5 stars,A,12.8,38,60,9,Sun,4,2022-10-02,25-318,JAX,away,PHI,L 21-29,9,2,60,30,0,22.2,6.7,2,WR,2-47,99,3,1,NA,4,2022-10-02,25-318,JAX,away,PHI,L 21-29,1,3,3,0,0,NA,2-47,7.3,17.9
Kendrick Bourne,WR,GB,5.6814294990763,11,0.5164935908251181,4,NE,at GB,2 out of 5 stars,F,5.1,109,23,3,Sun,4,2022-10-02,27-059,NWE,away,GNB,L 24-27 (OT),3,2,23,11.5,0,66.7,7.7,2,WR,0,68,15,1,NA,4,2022-10-02,27-059,NWE,away,GNB,L 24-27 (OT),1,15,15,0,1,NA,0,4.800000000000001,5
DeVonta Smith,WR,JAX,11.6587272286251,25,0.466349089145004,4,PHI,vs. JAC,4 out of 5 stars,B,11.5,137,17,4,Sun,4,2022-10-02,23-322,PHI,home,JAX,W 29-21,4,3,17,5.7,0,75,4.3,1,WR,1-10,0,0,0,0,0,0,0,0,0,0,0,0,0,0,0,0,0,0,3.2,12.8
A J Brown,WR,JAX,14.313492532273928,32,0.44729664163356025,4,PHI,vs. JAC,4 out of 5 stars,A,15.3,14,95,7,Sun,4,2022-10-02,25-094,PHI,home,JAX,W 29-21,7,5,95,19,0,71.4,13.6,4,WR,2-51,0,0,0,0,0,0,0,0,0,0,0,0,0,0,0,0,0,0,12,15.6
Juwan Johnson,TE,MIN,4.086530326924739,11,0.3715027569931581,4,NO,vs. MIN,2 out of 5 stars,F,5,83,33,4,Sun,4,2022-10-02,26-019,NOR,home,MIN,L 25-28,4,3,33,11,0,75,8.3,1,TE,0,0,0,0,0,0,0,0,0,0,0,0,0,0,0,0,0,0,0,4.800000000000001,3.8
Tyler Boyd,WR,MIA,9.795672337178685,17,0.5762160198340401,4,CIN,vs. MIA,3 out of 5 stars,C,8,57,47,5,Thu,4,2022-09-29,27-318,CIN,home,MIA,W 27-15,5,2,47,23.5,0,40,9.4,1,WR,2-55,0,0,0,0,0,0,0,0,0,0,0,0,0,0,0,0,0,0,5.7,10.3
Brandon Aiyuk,WR,LAR,10.52157009033925,18,0.5845316716855139,4,SF,vs. LAR,3 out of 5 stars,B-,10.2,75,37,4,Mon,4,2022-10-03,24-200,SFO,home,LAR,W 24-9,4,4,37,9.3,0,100,9.3,2,WR,1-25,0,0,0,0,0,0,0,0,0,0,0,0,0,0,0,0,0,0,5.7,8.6
K J Osborn,WR,NO,6.645682664804971,14,0.4746916189146408,4,MIN,at NO,4 out of 5 stars,F,6.2,191,6,2,Sun,4,2022-10-02,25-114,MIN,away,NOR,W 28-25,2,1,6,6,0,50,3,1,WR,5-176,119,-1,1,NA,4,2022-10-02,25-114,MIN,away,NOR,W 28-25,1,-1,-1,0,0,NA,5-176,1,7.4
Chase Claypool,WR,NYJ,6.165124689764855,12,0.5137603908137379,4,PIT,vs. NYJ,4 out of 5 stars,C,8,NA,NA,NA,NA,NA,NA,NA,NA,NA,NA,NA,NA,NA,NA,NA,NA,NA,NA,NA,NA,NA,NA,NA,NA,NA,NA,NA,NA,NA,NA,NA,NA,NA,NA,NA,NA,NA,NA,NA,NA,6
Geoff Swaim,TE,IND,4.763539327202711,12,0.3969616106002259,4,TEN,at IND,3 out of 5 stars,F,3.3,NA,NA,NA,NA,NA,NA,NA,NA,NA,NA,NA,NA,NA,NA,NA,NA,NA,NA,NA,NA,NA,NA,NA,NA,NA,NA,NA,NA,NA,NA,NA,NA,NA,NA,NA,NA,NA,NA,NA,NA,6.4
Hayden Hurst,TE,MIA,5.550512478977706,13,0.42696249838290046,4,CIN,vs. MIA,4 out of 5 stars,D,5.6,95,27,4,Thu,4,2022-09-29,29-036,CIN,home,MIA,W 27-15,4,3,27,9,1,75,6.8,2,TE,1-25,0,0,0,0,0,0,0,0,0,0,0,0,0,0,0,0,0,0,10.2,5.8
Jakobi Meyers,WR,GB,9.336104429189474,14,0.6668646020849625,4,NE,at GB,2 out of 5 stars,D-,5.7,NA,NA,NA,NA,NA,NA,NA,NA,NA,NA,NA,NA,NA,NA,NA,NA,NA,NA,NA,NA,NA,NA,NA,NA,NA,NA,NA,NA,NA,NA,NA,NA,NA,NA,NA,NA,NA,NA,NA,NA,11.1
Allen Lazard,WR,NE,10.195246188221036,17,0.5997203640130021,4,GB,vs. NE,2 out of 5 stars,C+,9.2,8,116,8,Sun,4,2022-10-02,26-295,GNB,home,NWE,W 27-24 (OT),8,6,116,19.3,0,75,14.5,5,WR,0,0,0,0,0,0,0,0,0,0,0,0,0,0,0,0,0,0,0,14.600000000000001,10.4
Logan Thomas,TE,DAL,5.880358925995377,12,0.4900299104996147,4,WAS,at DAL,3 out of 5 stars,D-,5.4,127,19,6,Sun,4,2022-10-02,31-093,WAS,away,DAL,L 10-25,6,5,19,3.8,0,83.3,3.2,2,TE,4-120,0,0,0,0,0,0,0,0,0,0,0,0,0,0,0,0,0,0,4.4,6.2
Russell Gage,WR,KC,10.18636726958984,16,0.636647954349365,4,TB,vs. KC,3 out of 5 stars,C,8.1,101,24,4,Sun,4,2022-10-02,26-253,TAM,home,KAN,L 31-41,4,2,24,12,0,50,6,1,WR,6-194,0,0,0,0,0,0,0,0,0,0,0,0,0,0,0,0,0,0,3.4000000000000004,8.8
Elijah Moore,WR,PIT,7.67572107954695,17,0.45151300467923233,4,NYJ,at PIT,3 out of 5 stars,C+,8.7,48,53,4,Sun,4,2022-10-02,22-189,NYJ,away,PIT,W 24-20,4,3,53,17.7,0,75,13.3,2,WR,2-34,105,2,1,NA,4,2022-10-02,22-189,NYJ,away,PIT,W 24-20,1,2,2,0,0,NA,2-34,7.000000000000001,6.4
Courtland Sutton,WR,LV,12.017535609058694,21,0.5722636004313664,4,DEN,at LV,4 out of 5 stars,A,12.9,50,52,7,Sun,4,2022-10-02,26-357,DEN,away,LVR,L 23-32,7,5,52,10.4,1,71.4,7.4,2,WR,2-40,0,0,0,0,0,0,0,0,0,0,0,0,0,0,0,0,0,0,13.7,13
Robert Woods,WR,IND,8.422989658296581,17,0.4954699798997989,4,TEN,at IND,3 out of 5 stars,C,8,91,30,4,Sun,4,2022-10-02,30-175,TEN,away,IND,W 24-17,4,4,30,7.5,1,100,7.5,4,WR,2-41,0,0,0,0,0,0,0,0,0,0,0,0,0,0,0,0,0,0,11,6.1
Robert Tonyan,TE,NE,4.482355953956952,14,0.32016828242549655,4,GB,vs. NE,3 out of 5 stars,D,5.9,121,22,2,Sun,4,2022-10-02,28-155,GNB,home,NWE,W 27-24 (OT),2,2,22,11,1,100,11,1,TE,0,0,0,0,0,0,0,0,0,0,0,0,0,0,0,0,0,0,0,9.2,4.6
Will Dissly,TE,DET,6.913665541973415,11,0.6285150492703105,4,SEA,at DET,3 out of 5 stars,F,4.4,69,39,4,Sun,4,2022-10-02,26-086,SEA,away,DET,W 48-45,4,4,39,9.8,1,100,9.8,1,TE,4-120,0,0,0,0,0,0,0,0,0,0,0,0,0,0,0,0,0,0,11.9,7.9
Jarvis Landry,WR,MIN,8.095069864162685,13,0.622697681858668,4,NO,vs. MIN,4 out of 5 stars,C,7.9,185,7,2,Sun,4,2022-10-02,29-308,NOR,home,MIN,L 25-28,2,2,7,3.5,0,100,3.5,0,WR,2-63,0,0,0,0,0,0,0,0,0,0,0,0,0,0,0,0,0,0,1.7000000000000002,7.5
Donovan Peoples Jones,WR,ATL,5.420296786468612,13,0.41694590665143166,4,CLE,at ATL,4 out of 5 stars,F,5.9,31,71,9,Sun,4,2022-10-02,23-225,CLE,away,ATL,L 20-23,9,5,71,14.2,0,55.6,7.9,2,WR,6-187,0,0,0,0,0,0,0,0,0,0,0,0,0,0,0,0,0,0,9.600000000000001,3.5
Ian Thomas,TE,ARI,3.871560531912183,13,0.29781234860862943,4,CAR,vs. ARI,2 out of 5 stars,F,3.4,193,6,3,Sun,4,2022-10-02,26-118,CAR,home,ARI,L 16-26,3,1,6,6,0,33.3,2,0,TE,4-101,0,0,0,0,0,0,0,0,0,0,0,0,0,0,0,0,0,0,1.1,3.5
Corey Davis,WR,PIT,9.621497980203207,17,0.5659704694237181,4,NYJ,at PIT,3 out of 5 stars,D+,6.9,26,74,7,Sun,4,2022-10-02,27-264,NYJ,away,PIT,W 24-20,7,5,74,14.8,1,71.4,10.6,5,WR,1-5,0,0,0,0,0,0,0,0,0,0,0,0,0,0,0,0,0,0,15.9,9.9
Nelson Agholor,WR,GB,7.500816457831484,11,0.6818924052574077,4,NE,at GB,2 out of 5 stars,F,5.8,61,46,4,Sun,4,2022-10-02,29-131,NWE,away,GNB,L 24-27 (OT),4,3,46,15.3,0,75,11.5,2,WR,1-20,0,0,0,0,0,0,0,0,0,0,0,0,0,0,0,0,0,0,6.1000000000000005,8.5
Randall Cobb,WR,NE,5.184607256807953,11,0.47132793243708665,4,GB,vs. NE,2 out of 5 stars,F,5.5,65,42,4,Sun,4,2022-10-02,32-041,GNB,home,NWE,W 27-24 (OT),4,3,42,14,0,75,10.5,2,WR,2-64,0,0,0,0,0,0,0,0,0,0,0,0,0,0,0,0,0,0,5.7,4.8
Laviska Shenault Jr,WR,ARI,18.583277253316613,13,1.4294828656397394,4,CAR,vs. ARI,3 out of 5 stars,F,3.8,0,0,0,0,0,0,0,0,0,0,0,0,0,0,0,0,0,0,0,0,0,116,0,1,NA,4,2022-10-02,23-362,CAR,home,ARI,L 16-26,1,0,0,0,0,NA,2-42,0,16
DeVante Parker,WR,GB,6.749110568779221,14,0.4820793263413729,4,NE,at GB,2 out of 5 stars,D-,6.2,106,24,2,Sun,4,2022-10-02,29-255,NWE,away,GNB,L 24-27 (OT),2,2,24,12,1,100,12,1,WR,1-14,0,0,0,0,0,0,0,0,0,0,0,0,0,0,0,0,0,0,9.4,6.5
DeAndre Carter,WR,HOU,5.86133935810668,12,0.48844494650889,4,LAC,at HOU,4 out of 5 stars,F,5,139,16,3,Sun,4,2022-10-02,29-175,LAC,away,HOU,W 34-24,3,2,16,8,0,66.7,5.3,1,WR,0,0,0,0,0,0,0,0,0,0,0,0,0,0,0,0,0,0,0,2.6,8.3
Marquez Valdes Scantling,WR,TB,5.335515883196012,12,0.4446263235996677,4,KC,at TB,2 out of 5 stars,D+,7.2,33,63,5,Sun,4,2022-10-02,27-357,KAN,away,TAM,W 41-31,5,3,63,21,0,60,12.6,2,WR,5-174,0,0,0,0,0,0,0,0,0,0,0,0,0,0,0,0,0,0,7.800000000000001,5.1
Zay Jones,WR,PHI,8.517371878430978,14,0.6083837056022128,4,JAC,at PHI,3 out of 5 stars,C,8.1,NA,NA,NA,NA,NA,NA,NA,NA,NA,NA,NA,NA,NA,NA,NA,NA,NA,NA,NA,NA,NA,NA,NA,NA,NA,NA,NA,NA,NA,NA,NA,NA,NA,NA,NA,NA,NA,NA,NA,NA,10.9
Olamide Zaccheaus,WR,CLE,7.074260007232246,12,0.5895216672693538,4,ATL,vs. CLE,3 out of 5 stars,F,5.2,44,55,2,Sun,4,2022-10-02,25-071,ATL,home,CLE,W 23-20,2,2,55,27.5,0,100,27.5,2,WR,0,0,0,0,0,0,0,0,0,0,0,0,0,0,0,0,0,0,0,6.5,6.6
Rashod Bateman,WR,BUF,8.520037903314483,17,0.5011787001949696,4,BAL,vs. BUF,2 out of 5 stars,B,10.5,134,17,6,Sun,4,2022-10-02,22-307,BAL,home,BUF,L 20-23,6,3,17,5.7,0,50,2.8,1,WR,1-27,0,0,0,0,0,0,0,0,0,0,0,0,0,0,0,0,0,0,3.2,12.2
Michael Gallup,WR,WAS,2.4023363416988412,18,0.13346313009438007,4,DAL,vs. WAS,3 out of 5 stars,D-,6.3,102,24,3,Sun,4,2022-10-02,26-212,DAL,home,WAS,W 25-10,3,2,24,12,1,66.7,8,2,WR,3-81,0,0,0,0,0,0,0,0,0,0,0,0,0,0,0,0,0,0,9.4,8.2
Tre Quan Smith,WR,MIN,11.492541121254275,12,0.9577117601045232,4,NO,vs. MIN,4 out of 5 stars,F,3.2,132,18,2,Sun,4,2022-10-02,26-268,NOR,home,MIN,L 25-28,2,1,18,18,0,50,9,1,WR,3-91,0,0,0,0,0,0,0,0,0,0,0,0,0,0,0,0,0,0,2.3,12.5
Rondale Moore,WR,CAR,1.6475012634918609,14,0.11767866167799004,4,ARI,at CAR,4 out of 5 stars,F,3,164,11,5,Sun,4,2022-10-02,22-115,ARI,away,CAR,W 26-16,5,3,11,3.7,0,60,2.2,0,WR,2-49,121,-4,1,NA,4,2022-10-02,22-115,ARI,away,CAR,W 26-16,1,-4,-4,0,0,NA,2-49,2.2,5.9
Josh Reynolds,WR,SEA,7.983956290698263,16,0.49899726816864143,4,DET,vs. SEA,2 out of 5 stars,C-,6.7,24,81,8,Sun,4,2022-10-02,27-228,DET,home,SEA,L 45-48,8,7,81,11.6,1,87.5,10.1,5,WR,4-117,0,0,0,0,0,0,0,0,0,0,0,0,0,0,0,0,0,0,17.6,9.1
Nico Collins,WR,LAC,5.96247096856258,11,0.5420428153238709,4,HOU,vs. LAC,2 out of 5 stars,D,6.5,21,82,5,Sun,4,2022-10-02,23-197,HOU,home,LAC,L 24-34,5,3,82,27.3,0,60,16.4,2,WR,3-89,0,0,0,0,0,0,0,0,0,0,0,0,0,0,0,0,0,0,9.700000000000001,5.5
Devin Duvernay,WR,BUF,6.774896607972543,16,0.4234310379982839,4,BAL,vs. BUF,2 out of 5 stars,D-,6.4,51,51,5,Sun,4,2022-10-02,25-020,BAL,home,BUF,L 20-23,5,4,51,12.8,0,80,10.2,2,WR,3-92,0,0,0,0,0,0,0,0,0,0,0,0,0,0,0,0,0,0,7.1000000000000005,13.3
Julio Jones,WR,KC,7.9485492841634064,16,0.4967843302602129,4,TB,vs. KC,3 out of 5 stars,D,6.5,184,7,2,Sun,4,2022-10-02,33-236,TAM,home,KAN,L 31-41,2,1,7,7,0,50,3.5,1,WR,1-6,0,0,0,0,0,0,0,0,0,0,0,0,0,0,0,0,0,0,1.2000000000000002,10.1
Jerry Jeudy,WR,LV,8.930393571315062,17,0.5253172689008859,4,DEN,at LV,4 out of 5 stars,C+,10,47,53,5,Sun,4,2022-10-02,23-161,DEN,away,LVR,L 23-32,5,4,53,13.3,1,80,10.6,2,WR,1-15,0,0,0,0,0,0,0,0,0,0,0,0,0,0,0,0,0,0,13.3,7.5
Mack Hollins,WR,DEN,8.210521257295479,12,0.6842101047746233,4,LV,vs. DEN,2 out of 5 stars,C-,7.2,82,33,5,Sun,4,2022-10-02,29-016,LVR,home,DEN,W 32-23,5,3,33,11,0,60,6.6,2,WR,4-118,0,0,0,0,0,0,0,0,0,0,0,0,0,0,0,0,0,0,4.800000000000001,12.4
Ashton Dulin,WR,TEN,5.168268211322397,12,0.4306890176101998,4,IND,vs. TEN,4 out of 5 stars,F,4.2,129,18,3,Sun,4,2022-10-02,25-140,IND,home,TEN,L 17-24,3,2,18,9,0,66.7,6,2,WR,0,0,0,0,0,0,0,0,0,0,0,0,0,0,0,0,0,0,0,2.8,6
Isaiah McKenzie,WR,BAL,7.822025076749069,17,0.46011912216171,4,BUF,at BAL,4 out of 5 stars,C-,7.3,122,21,6,Sun,4,2022-10-02,27-176,BUF,away,BAL,W 23-20,6,4,21,5.3,1,66.7,3.5,2,WR,5-172,0,0,0,0,0,0,0,0,0,0,0,0,0,0,0,0,0,0,10.1,10.4
Breshad Perriman,WR,KC,5.9867633524011294,13,0.4605202578770099,4,TB,vs. KC,3 out of 5 stars,F,3.5,NA,NA,NA,NA,NA,NA,NA,NA,NA,NA,NA,NA,NA,NA,NA,NA,NA,NA,NA,NA,NA,NA,NA,NA,NA,NA,NA,NA,NA,NA,NA,NA,NA,NA,NA,NA,NA,NA,NA,NA,5.1
Chris Olave,WR,MIN,8.002910065059318,19,0.4212057928978588,4,NO,vs. MIN,4 out of 5 stars,B,10.8,32,67,7,Sun,4,2022-10-02,22-097,NOR,home,MIN,L 25-28,7,4,67,16.8,1,57.1,9.6,4,WR,1-11,0,0,0,0,0,0,0,0,0,0,0,0,0,0,0,0,0,0,14.7,11.8
Curtis Samuel,WR,DAL,7.172899742753074,19,0.3775210390922671,4,WAS,at DAL,3 out of 5 stars,B,10.5,74,38,7,Sun,4,2022-10-02,26-052,WAS,away,DAL,L 10-25,7,4,38,9.5,0,57.1,5.4,3,WR,2-40,0,0,0,0,0,0,0,0,0,0,0,0,0,0,0,0,0,0,5.800000000000001,14.7
Drake London,WR,CLE,11.387297704923991,21,0.5422522716630472,4,ATL,vs. CLE,3 out of 5 stars,A-,12.3,135,17,7,Sun,4,2022-10-02,21-070,ATL,home,CLE,W 23-20,7,2,17,8.5,0,28.6,2.4,1,WR,1-8,0,0,0,0,0,0,0,0,0,0,0,0,0,0,0,0,0,0,2.7,14.5
Noah Brown,WR,WAS,11.068223840622798,15,0.7378815893748532,4,DAL,vs. WAS,3 out of 5 stars,D+,7.1,36,61,6,Sun,4,2022-10-02,26-269,DAL,home,WAS,W 25-10,6,3,61,20.3,0,50,10.2,2,WR,7-239,0,0,0,0,0,0,0,0,0,0,0,0,0,0,0,0,0,0,7.6000000000000005,11.6
Garrett Wilson,WR,PIT,9.413381027767022,21,0.4482562394174772,4,NYJ,at PIT,3 out of 5 stars,B-,10.4,66,41,6,Sun,4,2022-10-02,22-072,NYJ,away,PIT,W 24-20,6,2,41,20.5,0,33.3,6.8,1,WR,1-10,0,0,0,0,0,0,0,0,0,0,0,0,0,0,0,0,0,0,5.1000000000000005,14.1
Greg Dortch,WR,CAR,7.681615897866974,12,0.6401346581555812,4,ARI,at CAR,4 out of 5 stars,C,8.2,189,6,1,Sun,4,2022-10-02,24-126,ARI,away,CAR,W 26-16,1,1,6,6,0,100,6,1,WR,0,0,0,0,0,0,0,0,0,0,0,0,0,0,0,0,0,0,0,1.1,11.9
JuJu Smith Schuster,WR,TB,4.307634755139971,15,0.28717565034266473,4,KC,at TB,2 out of 5 stars,C+,10.2,62,46,8,Sun,4,2022-10-02,25-314,KAN,away,TAM,W 41-31,8,5,46,9.2,0,62.5,5.8,3,WR,2-62,0,0,0,0,0,0,0,0,0,0,0,0,0,0,0,0,0,0,7.1000000000000005,7.6
Richie James Jr,WR,CHI,5.3503700047852725,12,0.44586416706543935,4,NYG,vs. CHI,3 out of 5 stars,C-,7.3,NA,NA,NA,NA,NA,NA,NA,NA,NA,NA,NA,NA,NA,NA,NA,NA,NA,NA,NA,NA,NA,NA,NA,NA,NA,NA,NA,NA,NA,NA,NA,NA,NA,NA,NA,NA,NA,NA,NA,NA,7.4
Robbie Anderson,WR,ARI,8.01342574085555,14,0.5723875529182535,4,CAR,vs. ARI,3 out of 5 stars,C-,7.8,96,26,5,Sun,4,2022-10-02,29-146,CAR,home,ARI,L 16-26,5,3,26,8.7,0,60,5.2,1,WR,0,0,0,0,0,0,0,0,0,0,0,0,0,0,0,0,0,0,0,4.1,7.8
Romeo Doubs,WR,NE,5.793509076833016,15,0.3862339384555344,4,GB,vs. NE,2 out of 5 stars,C+,8.9,58,47,8,Sun,4,2022-10-02,22-172,GNB,home,NWE,W 27-24 (OT),8,5,47,9.4,1,62.5,5.9,3,WR,4-132,0,0,0,0,0,0,0,0,0,0,0,0,0,0,0,0,0,0,13.2,9.3
Joshua Palmer,WR,HOU,4.795746142758053,17,0.2821027142798855,4,LAC,at HOU,4 out of 5 stars,C-,7.6,NA,NA,NA,NA,NA,NA,NA,NA,NA,NA,NA,NA,NA,NA,NA,NA,NA,NA,NA,NA,NA,NA,NA,NA,NA,NA,NA,NA,NA,NA,NA,NA,NA,NA,NA,NA,NA,NA,NA,NA,8.8
DK Metcalf,WR,DET,6.347671175709484,18,0.3526483986505269,4,SEA,at DET,2 out of 5 stars,B+,12.1,NA,NA,NA,NA,NA,NA,NA,NA,NA,NA,NA,NA,NA,NA,NA,NA,NA,NA,NA,NA,NA,NA,NA,NA,NA,NA,NA,NA,NA,NA,NA,NA,NA,NA,NA,NA,NA,NA,NA,NA,8.5
Gabe Davis,WR,BAL,7.634896624974508,22,0.34704075568065945,4,BUF,at BAL,4 out of 5 stars,B+,12.2,NA,NA,NA,NA,NA,NA,NA,NA,NA,NA,NA,NA,NA,NA,NA,NA,NA,NA,NA,NA,NA,NA,NA,NA,NA,NA,NA,NA,NA,NA,NA,NA,NA,NA,NA,NA,NA,NA,NA,NA,11
Treylon Burks,WR,IND,3.9632984376323743,13,0.3048691105871057,4,TEN,at IND,3 out of 5 stars,C,8.5,148,14,3,Sun,4,2022-10-02,22-193,TEN,away,IND,W 24-17,3,2,14,7,0,66.7,4.7,0,WR,1-18,94,4,1,NA,4,2022-10-02,22-193,TEN,away,IND,W 24-17,1,4,4,0,1,NA,1-18,2.8000000000000003,5.4
DJ Moore,WR,ARI,6.235196408865468,17,0.3667762593450275,4,CAR,vs. ARI,3 out of 5 stars,B-,10.4,NA,NA,NA,NA,NA,NA,NA,NA,NA,NA,NA,NA,NA,NA,NA,NA,NA,NA,NA,NA,NA,NA,NA,NA,NA,NA,NA,NA,NA,NA,NA,NA,NA,NA,NA,NA,NA,NA,NA,NA,6.8
Marvin Jones Jr,WR,PHI,4.402233991249377,11,0.4002030901135797,4,JAC,at PHI,3 out of 5 stars,D,6.5,NA,NA,NA,NA,NA,NA,NA,NA,NA,NA,NA,NA,NA,NA,NA,NA,NA,NA,NA,NA,NA,NA,NA,NA,NA,NA,NA,NA,NA,NA,NA,NA,NA,NA,NA,NA,NA,NA,NA,NA,7.3
Jahan Dotson,WR,DAL,5.774796223269073,16,0.36092476395431705,4,WAS,at DAL,3 out of 5 stars,C,8.1,64,43,4,Sun,4,2022-10-02,22-194,WAS,away,DAL,L 10-25,4,3,43,14.3,1,75,10.8,2,WR,1-16,0,0,0,0,0,0,0,0,0,0,0,0,0,0,0,0,0,0,11.8,11.5
Taysom Hill,TE,MIN,0.25196996971457997,16,0.01574812310716124,4,NO,vs. MIN,2 out of 5 stars,F,3.7,0,0,0,0,0,0,0,0,0,0,0,0,0,0,0,0,0,0,0,0,0,58,21,5,NA,4,2022-10-02,32-040,NOR,home,MIN,L 25-28,5,21,4.2,1,3,NA,0,8.1,8.1
Allen Robinson II,WR,SF,3.410866925326136,12,0.2842389104438447,4,LAR,at SF,3 out of 5 stars,C,8.5,NA,NA,NA,NA,NA,NA,NA,NA,NA,NA,NA,NA,NA,NA,NA,NA,NA,NA,NA,NA,NA,NA,NA,NA,NA,NA,NA,NA,NA,NA,NA,NA,NA,NA,NA,NA,NA,NA,NA,NA,6.1
Irv Smith Jr,TE,NO,3.056329499038184,12,0.25469412491984866,4,MIN,at NO,2 out of 5 stars,D,5.7,112,23,4,Sun,4,2022-10-02,24-054,MIN,away,NOR,W 28-25,4,3,23,7.7,0,75,5.8,1,TE,2-50,0,0,0,0,0,0,0,0,0,0,0,0,0,0,0,0,0,0,3.8000000000000003,5.4
Isaiah Likely,TE,BUF,1.5481458747135215,11,0.1407405340648656,4,BAL,vs. BUF,2 out of 5 stars,F,4,NA,NA,NA,NA,NA,NA,NA,NA,NA,NA,NA,NA,NA,NA,NA,NA,NA,NA,NA,NA,NA,NA,NA,NA,NA,NA,NA,NA,NA,NA,NA,NA,NA,NA,NA,NA,NA,NA,NA,NA,2.5
Christian Watson,WR,NE,2.2254110871228683,11,0.2023100988293517,4,GB,vs. NE,2 out of 5 stars,F,4.8,180,8,3,Sun,4,2022-10-02,23-143,GNB,home,NWE,W 27-24 (OT),3,1,8,8,0,33.3,2.7,0,WR,2-34,72,15,1,NA,4,2022-10-02,23-143,GNB,home,NWE,W 27-24 (OT),1,15,15,1,1,NA,2-34,8.8,3.8
Jelani Woods,TE,TEN,5.712878299559471,16,0.35705489372246696,4,IND,vs. TEN,2 out of 5 stars,F,3.6,85,33,1,Sun,4,2022-10-02,23-358,IND,home,TEN,L 17-24,1,1,33,33,0,100,33,1,TE,3-73,0,0,0,0,0,0,0,0,0,0,0,0,0,0,0,0,0,0,3.8000000000000003,14.3
